user_id,Role,email
1,Client,Tabitha_Stracke51@gmail.com
2,Client,Shaniya.Heller@hotmail.com
3,Client,Reymundo.Robel76@hotmail.com
4,Client,Eryn.Jaskolski@hotmail.com
5,Client,Lorenz_Gislason45@gmail.com
6,Admin,Maryam_Corkery53@gmail.com
7,Admin,Weston.Walker@hotmail.com
8,Client,Tyrell.Moore30@gmail.com
9,Client,Adeline25@gmail.com
10,Client,Micheal_Roberts24@yahoo.com
11,Client,Lily98@yahoo.com
12,Admin,Roy_Wuckert25@hotmail.com
13,Client,Hattie.Bednar@hotmail.com
14,Client,Antonetta_Herzog@yahoo.com
15,Admin,Federico13@yahoo.com
16,Admin,Bert.Doyle@yahoo.com
17,Admin,Vella_Schimmel@hotmail.com
18,Client,Aaron_Mueller@gmail.com
19,Client,Osbaldo_Bahringer@yahoo.com
20,Admin,Waylon21@gmail.com
21,Admin,Rosario.Bins95@yahoo.com
22,Client,Mattie15@hotmail.com
23,Admin,Eleazar.Keebler36@yahoo.com
24,Admin,Effie_Dietrich@yahoo.com
25,Admin,Idell_Harber54@hotmail.com
26,Admin,Estella27@yahoo.com
27,Client,Ian79@yahoo.com
28,Admin,Gregory.Gleichner@yahoo.com
29,Client,Nash.Kozey@yahoo.com
30,Client,Mattie37@yahoo.com
31,Admin,Demetris.Baumbach@hotmail.com
32,Admin,Conrad_Hickle@yahoo.com
33,Client,Rashawn.McLaughlin@hotmail.com
34,Client,Shana16@yahoo.com
35,Client,Derek.Lehner@hotmail.com
36,Client,Maudie.Schmeler@gmail.com
37,Client,Houston.Kassulke99@hotmail.com
38,Client,Mikel_Macejkovic-MacGyver0@yahoo.com
39,Admin,Presley_Romaguera-Feil@gmail.com
40,Admin,Lavina_Batz78@hotmail.com
41,Admin,Tod.Hoeger56@yahoo.com
42,Client,Caleb_Satterfield@gmail.com
43,Client,Angus.Fadel40@yahoo.com
44,Admin,Justina.Goyette81@hotmail.com
45,Admin,Alessia.Turcotte@yahoo.com
46,Client,Lawson_Hahn20@yahoo.com
47,Admin,Shea59@gmail.com
48,Admin,Jeromy70@yahoo.com
49,Admin,Rollin_Maggio@hotmail.com
50,Admin,Lea95@gmail.com
51,Client,Colin_Nienow36@gmail.com
52,Client,Dasia99@gmail.com
53,Admin,Kevin_Dickinson31@yahoo.com
54,Admin,Ryleigh.Koelpin@yahoo.com
55,Admin,Oleta26@gmail.com
56,Admin,Marcel.Gerhold55@gmail.com
57,Client,Paris61@yahoo.com
58,Client,Irwin.Schneider@hotmail.com
59,Client,Terence_Shields81@gmail.com
60,Admin,Delores.Bergnaum47@gmail.com
61,Client,Gayle36@hotmail.com
62,Admin,Jaden.Cronin81@gmail.com
63,Client,Reuben_Toy@yahoo.com
64,Client,Willy_Gottlieb@gmail.com
65,Admin,Merl78@yahoo.com
66,Client,Durward39@gmail.com
67,Admin,Dedrick_Bechtelar-Muller@gmail.com
68,Admin,Evie.Robel@yahoo.com
69,Client,Sydnee25@yahoo.com
70,Client,Fausto86@gmail.com
71,Admin,Santos.Satterfield-Schinner@gmail.com
72,Client,Stuart.Rolfson32@gmail.com
73,Admin,Elta33@hotmail.com
74,Admin,April92@yahoo.com
75,Admin,Russ57@hotmail.com
76,Admin,Shanon.Schuster@gmail.com
77,Admin,Tad_Thompson68@yahoo.com
78,Client,Marietta84@gmail.com
79,Admin,Marlon2@hotmail.com
80,Client,Grover.Bogisich86@gmail.com
81,Admin,Marshall.Heathcote73@gmail.com
82,Admin,Roberta_Ryan74@yahoo.com
83,Client,Chanel_Purdy@yahoo.com
84,Admin,Aida_Lind85@yahoo.com
85,Admin,Erin.Hessel@yahoo.com
86,Admin,Kyle.Kovacek14@hotmail.com
87,Client,Wilburn.Oberbrunner@hotmail.com
88,Admin,Susan_Streich@hotmail.com
89,Admin,Verona_OHara@yahoo.com
90,Client,Filomena.Boyle@hotmail.com
91,Admin,Devin58@hotmail.com
92,Client,Norval_Orn80@gmail.com
93,Admin,Nona93@gmail.com
94,Admin,Nicolette.Nitzsche52@hotmail.com
95,Client,Shana.Stokes38@gmail.com
96,Client,Jarrell_Brekke4@gmail.com
97,Client,Theron5@yahoo.com
98,Admin,Margot.Bartell@yahoo.com
99,Admin,Trace_Kerluke@gmail.com
100,Admin,Tobin_Harris@hotmail.com
101,Admin,Silas_Hodkiewicz@gmail.com
102,Admin,Maryjane5@hotmail.com
103,Admin,Quentin85@yahoo.com
104,Admin,Zoey13@gmail.com
105,Client,Dexter_Fritsch16@gmail.com
106,Client,Adrienne.Fadel-Hackett18@gmail.com
107,Admin,Ola.Mills@yahoo.com
108,Client,Grayson5@gmail.com
109,Client,Monte.Reinger30@hotmail.com
110,Admin,Magali_Carroll@yahoo.com
111,Admin,Jenifer_Hahn@hotmail.com
112,Admin,Emmie_Green50@yahoo.com
113,Client,Burdette.Kihn@gmail.com
114,Admin,Magnus.Parker85@gmail.com
115,Admin,Halie43@gmail.com
116,Admin,Judson55@hotmail.com
117,Client,Rigoberto_Kunze@hotmail.com
118,Admin,Jedediah.Toy-Will@hotmail.com
119,Admin,Ricardo91@hotmail.com
120,Admin,Cecilia16@hotmail.com
121,Admin,Theodore31@yahoo.com
122,Client,Emelie69@yahoo.com
123,Client,Alisha_Orn@yahoo.com
124,Client,Diamond_Heller75@hotmail.com
125,Admin,Grady.Hermann65@hotmail.com
126,Admin,Alexzander.Schultz@hotmail.com
127,Admin,Loraine56@yahoo.com
128,Client,Brooks.Farrell61@yahoo.com
129,Admin,Natasha_Labadie91@yahoo.com
130,Client,Laisha57@gmail.com
131,Client,Lucio.Conn@gmail.com
132,Client,Ali39@gmail.com
133,Admin,Muriel86@yahoo.com
134,Admin,Reta_Leannon@gmail.com
135,Client,Sylvan_Ferry35@hotmail.com
136,Client,Bill_Skiles@hotmail.com
137,Client,Rick64@gmail.com
138,Admin,Rowland_Fritsch@hotmail.com
139,Admin,Charlene.Mertz@yahoo.com
140,Client,Holden97@yahoo.com
141,Client,Iva_Jacobi@gmail.com
142,Admin,Name.Schneider85@yahoo.com
143,Client,Austen.Rempel@gmail.com
144,Client,Lauriane_Murazik@hotmail.com
145,Admin,Domenico_Grant@hotmail.com
146,Client,Roslyn.Gleichner68@gmail.com
147,Admin,Mafalda_Lubowitz63@gmail.com
148,Admin,Hellen_Price82@yahoo.com
149,Client,Janis.Koepp90@hotmail.com
150,Admin,Jamar24@hotmail.com
151,Admin,Angelita98@gmail.com
152,Admin,Liza_Skiles@gmail.com
153,Admin,Ervin.Daugherty@gmail.com
154,Client,Annamarie.Koelpin25@hotmail.com
155,Admin,Elyssa.Cremin@gmail.com
156,Admin,Lyda84@hotmail.com
157,Admin,Vicky.Goyette95@hotmail.com
158,Client,Jeffry73@yahoo.com
159,Admin,Cordelia.Auer7@gmail.com
160,Client,Karolann_Stark@yahoo.com
161,Admin,Chad51@gmail.com
162,Client,Ashleigh_Bins69@gmail.com
163,Client,Chris.Muller0@gmail.com
164,Admin,Lauryn.Marvin@gmail.com
165,Admin,Cory_Zboncak-Schultz51@yahoo.com
166,Admin,Alexandrea6@yahoo.com
167,Client,Kendra_Hermann@gmail.com
168,Admin,Evalyn_Hoeger19@hotmail.com
169,Client,Gennaro44@yahoo.com
170,Admin,Josianne.OKon46@hotmail.com
171,Admin,Isidro91@gmail.com
172,Admin,Vena3@yahoo.com
173,Admin,Meghan.Veum@gmail.com
174,Admin,Nayeli_Schumm56@yahoo.com
175,Admin,Adah.Koss23@hotmail.com
176,Client,Xavier52@yahoo.com
177,Client,Pierre.Heaney12@gmail.com
178,Client,Ruthe49@gmail.com
179,Client,Shawn.Heidenreich-Heathcote97@gmail.com
180,Client,Hallie86@yahoo.com
181,Client,Christa_Pagac31@gmail.com
182,Admin,Melisa_Considine55@yahoo.com
183,Admin,Dariana_Miller@hotmail.com
184,Client,Haylee_Kozey@hotmail.com
185,Admin,Pattie55@hotmail.com
186,Admin,Jordon_Turcotte-Treutel@gmail.com
187,Admin,Kristoffer2@hotmail.com
188,Client,Freda12@gmail.com
189,Admin,Paxton_Rippin@hotmail.com
190,Client,Claudine.Bahringer@gmail.com
191,Admin,Jayce14@hotmail.com
192,Client,Trisha_Williamson93@hotmail.com
193,Admin,Braxton_Reilly@gmail.com
194,Admin,Rahul5@yahoo.com
195,Admin,Shakira.Johns-Gleason@hotmail.com
196,Admin,Audrey_Sawayn6@hotmail.com
197,Admin,Kara.Russel18@hotmail.com
198,Admin,Courtney26@gmail.com
199,Client,Wellington32@hotmail.com
200,Client,Dedric28@gmail.com
201,Client,Calista_Reilly@hotmail.com
202,Admin,Jayme_Lesch@yahoo.com
203,Client,Melissa_Daniel48@yahoo.com
204,Client,Toney.Morar@hotmail.com
205,Admin,Leon_Metz@gmail.com
206,Admin,Rhoda.Pollich@hotmail.com
207,Client,Landen_Zemlak@yahoo.com
208,Client,Lawson34@gmail.com
209,Admin,Hiram.Walter67@yahoo.com
210,Client,Rylan.Blick14@hotmail.com
211,Admin,Tiana.Klein81@gmail.com
212,Admin,Zachary.Dooley30@hotmail.com
213,Client,Kieran33@hotmail.com
214,Client,Kaylin49@gmail.com
215,Client,Tyson.Willms86@yahoo.com
216,Admin,Taurean45@gmail.com
217,Client,Myra_Hilll@gmail.com
218,Client,Aditya.Schinner@hotmail.com
219,Admin,Walter_Nicolas@yahoo.com
220,Client,Candelario82@hotmail.com
221,Admin,Lindsey87@hotmail.com
222,Client,Emil47@gmail.com
223,Client,Arnoldo_Powlowski@yahoo.com
224,Admin,Ervin_Koch@gmail.com
225,Client,Lura_Schuster39@hotmail.com
226,Admin,Erik_Berge63@hotmail.com
227,Client,Gabe.Pagac43@yahoo.com
228,Client,Malcolm.Heathcote@yahoo.com
229,Client,Vince59@hotmail.com
230,Client,Ashtyn6@gmail.com
231,Admin,Eddie_Denesik89@gmail.com
232,Admin,Demario_Rohan@hotmail.com
233,Client,Lila.Prosacco@gmail.com
234,Client,Nelle70@yahoo.com
235,Client,Adele.Gislason@hotmail.com
236,Client,Loraine9@gmail.com
237,Client,Geovanny.Kessler@yahoo.com
238,Client,Daron27@gmail.com
239,Client,Myrtis_Breitenberg82@hotmail.com
240,Admin,Ena4@gmail.com
241,Admin,Ari_Kuhn@yahoo.com
242,Client,Meta.Metz31@yahoo.com
243,Client,Sydney_Renner@hotmail.com
244,Client,Muriel.Johnson44@hotmail.com
245,Client,Ernestine46@gmail.com
246,Admin,Janelle77@gmail.com
247,Admin,Velva51@gmail.com
248,Client,Meta.Schultz@hotmail.com
249,Admin,Kory33@hotmail.com
250,Client,Leta26@gmail.com
251,Client,Stephen.Mosciski@hotmail.com
252,Admin,Eladio.Nicolas63@hotmail.com
253,Client,Salvatore_Wiegand19@hotmail.com
254,Client,Tatum50@yahoo.com
255,Client,Carrie_Watsica@yahoo.com
256,Admin,Vilma.Jacobs@yahoo.com
257,Client,Kelley36@gmail.com
258,Admin,Lucinda40@gmail.com
259,Admin,Reggie_Franey91@yahoo.com
260,Client,Bette59@gmail.com
261,Client,Friedrich_Jerde@yahoo.com
262,Admin,Mikel_Graham82@hotmail.com
263,Client,Fernando.Leuschke-Wiza@hotmail.com
264,Client,Connor_Rodriguez61@hotmail.com
265,Client,Alexandra99@hotmail.com
266,Admin,Zackery_Osinski@hotmail.com
267,Admin,Cassidy22@yahoo.com
268,Client,Norene.Wiza@gmail.com
269,Admin,Anastasia.Larson80@gmail.com
270,Client,Maximillian_Murazik@gmail.com
271,Admin,Ara13@yahoo.com
272,Admin,Camila94@yahoo.com
273,Client,Aiden.Ankunding21@hotmail.com
274,Client,Leda.Parker@hotmail.com
275,Admin,Emmy34@yahoo.com
276,Admin,Lonny_Nienow74@yahoo.com
277,Admin,Carlo_Fahey20@yahoo.com
278,Client,Taylor.Hahn78@yahoo.com
279,Client,Jett_Kuhic@gmail.com
280,Client,Felipa_Wolff27@gmail.com
281,Client,Wyman.Ryan@hotmail.com
282,Admin,Orrin72@yahoo.com
283,Client,Jaclyn.Weissnat@yahoo.com
284,Admin,Anita_Donnelly@hotmail.com
285,Client,Margarett_Feil59@hotmail.com
286,Admin,Perry.Upton94@yahoo.com
287,Client,Monserrate47@yahoo.com
288,Client,Sarai_Kunde69@gmail.com
289,Admin,Billy62@gmail.com
290,Client,Otho.Ryan@yahoo.com
291,Admin,Michale.Wiza37@gmail.com
292,Admin,Jasen_Glover46@yahoo.com
293,Client,Leila_Schumm@gmail.com
294,Admin,Adrianna8@yahoo.com
295,Admin,Bertrand63@hotmail.com
296,Client,Devin_Goodwin@gmail.com
297,Client,Clemens_Littel@gmail.com
298,Admin,Pearl.Conn-Wuckert5@yahoo.com
299,Client,Bryana.Morar11@yahoo.com
300,Admin,Johathan78@gmail.com
301,Admin,Hallie_Strosin20@hotmail.com
302,Client,Annetta.Nienow@yahoo.com
303,Client,Leda.Christiansen@gmail.com
304,Client,Annabelle.Reichert@yahoo.com
305,Admin,Reinhold_Welch21@yahoo.com
306,Client,Cordelia33@yahoo.com
307,Admin,Leonora63@yahoo.com
308,Admin,Darrell37@hotmail.com
309,Admin,Kaycee34@gmail.com
310,Client,Hettie_Blanda86@hotmail.com
311,Admin,Emilio_Feil12@gmail.com
312,Admin,Palma73@yahoo.com
313,Admin,Wilma.Stokes58@yahoo.com
314,Admin,Lora.Wolf-Connelly18@gmail.com
315,Client,Estella.Schowalter@hotmail.com
316,Admin,Edmund_Blick8@gmail.com
317,Admin,Esther_Marks21@gmail.com
318,Admin,Meagan89@gmail.com
319,Client,Greta.Christiansen48@gmail.com
320,Client,Wilma.Willms-Cormier@hotmail.com
321,Client,Delaney24@gmail.com
322,Admin,Alexandria_Bins68@gmail.com
323,Client,Karine.Champlin@yahoo.com
324,Admin,Darius_Schultz94@hotmail.com
325,Admin,Wilbert.Dietrich@gmail.com
326,Admin,Garret95@yahoo.com
327,Admin,Tracy.Rath@hotmail.com
328,Admin,Thora_Gutkowski-Bartoletti10@gmail.com
329,Client,Edmond.Sanford-Volkman@yahoo.com
330,Client,Amelie_Jakubowski@yahoo.com
331,Client,Magnus.Kerluke@yahoo.com
332,Admin,Zella_Grant@gmail.com
333,Client,Helen33@yahoo.com
334,Admin,Kamryn_Marks84@hotmail.com
335,Admin,Eddie.Schroeder44@gmail.com
336,Client,Estelle_Crooks79@hotmail.com
337,Admin,Frederic_Mueller-Stanton@gmail.com
338,Client,Kenyon48@yahoo.com
339,Admin,Angie78@yahoo.com
340,Client,Selena89@hotmail.com
341,Client,Dean_Romaguera@gmail.com
342,Admin,Andre89@hotmail.com
343,Client,Verna.Buckridge3@hotmail.com
344,Admin,Myrtle_Kiehn93@gmail.com
345,Client,Alexandrea.Schuppe@gmail.com
346,Client,Ashly_Botsford57@gmail.com
347,Admin,Raheem.Feeney@hotmail.com
348,Admin,Jailyn.Bartell-Bruen@yahoo.com
349,Admin,Jaylon.Reichert@gmail.com
350,Client,Norval44@yahoo.com
351,Client,Nakia77@yahoo.com
352,Admin,Magdalena_White14@hotmail.com
353,Client,Ahmed_Dickens@gmail.com
354,Client,Kaitlyn_Fahey20@yahoo.com
355,Client,Joyce.Rutherford@hotmail.com
356,Client,Arjun_Harber@yahoo.com
357,Client,Mertie39@yahoo.com
358,Client,Mose.Ward@hotmail.com
359,Client,Sophia_McLaughlin6@yahoo.com
360,Client,Gilberto.Reynolds@hotmail.com
361,Client,Loyal.Walsh@gmail.com
362,Client,Christophe.Hirthe65@hotmail.com
363,Client,Donny33@yahoo.com
364,Client,Minerva.Hamill64@yahoo.com
365,Admin,Effie76@gmail.com
366,Client,Orland.Rice@gmail.com
367,Admin,Sydnie34@yahoo.com
368,Client,Garland.Braun@hotmail.com
369,Client,Wilfred31@hotmail.com
370,Admin,Carmela92@yahoo.com
371,Admin,Corine59@hotmail.com
372,Admin,Daryl_Kuhlman@hotmail.com
373,Admin,Jamey86@gmail.com
374,Client,Elwin17@gmail.com
375,Client,Aurelio.Gusikowski@gmail.com
376,Admin,Daisy5@hotmail.com
377,Admin,Lexus96@yahoo.com
378,Client,Mortimer_Daniel@hotmail.com
379,Admin,Kailyn45@yahoo.com
380,Admin,Celine67@hotmail.com
381,Admin,Leila66@hotmail.com
382,Admin,Arnoldo86@gmail.com
383,Client,Yolanda_Jones@gmail.com
384,Client,Kirk.Huel@gmail.com
385,Client,Karina_Kemmer77@yahoo.com
386,Admin,Edgardo19@hotmail.com
387,Admin,Denis77@gmail.com
388,Admin,Estefania26@hotmail.com
389,Client,Emma28@gmail.com
390,Client,Ahmed8@hotmail.com
391,Client,Roxanne69@gmail.com
392,Admin,Clint.Ruecker23@hotmail.com
393,Client,Hadley_Crist89@gmail.com
394,Client,Tiana.Padberg12@hotmail.com
395,Client,Jace.Mills@hotmail.com
396,Client,Jovani_Cormier@gmail.com
397,Client,German.Lang@gmail.com
398,Client,Christian_Goyette@gmail.com
399,Client,Rosalind.Reichert28@hotmail.com
400,Admin,Mara27@hotmail.com
401,Admin,Kaylin34@yahoo.com
402,Admin,Arno.Wisozk@gmail.com
403,Admin,Timmy.Becker@hotmail.com
404,Admin,Molly_Wehner35@yahoo.com
405,Admin,Edgardo.Rice@yahoo.com
406,Admin,Eriberto80@yahoo.com
407,Client,Ashton50@hotmail.com
408,Admin,Tyler0@gmail.com
409,Admin,Katelyn_Ritchie53@hotmail.com
410,Admin,Josianne31@hotmail.com
411,Client,Jordyn.Kihn@hotmail.com
412,Admin,Maida_Leffler@gmail.com
413,Client,Viviane.Nikolaus@hotmail.com
414,Admin,Giles_Bernhard31@yahoo.com
415,Admin,Cali.Flatley85@hotmail.com
416,Admin,Penelope_Rempel23@gmail.com
417,Admin,Josiane94@hotmail.com
418,Admin,Ransom_Bauch@gmail.com
419,Admin,Cleo_Schmidt42@hotmail.com
420,Admin,Elsa97@gmail.com
421,Admin,Ernestine_Fay@hotmail.com
422,Client,Rachelle.Considine@gmail.com
423,Client,Rosalee5@yahoo.com
424,Admin,Katelin.Mitchell-Rogahn44@yahoo.com
425,Client,Jan10@gmail.com
426,Admin,Izaiah86@hotmail.com
427,Client,Kenna_MacGyver@hotmail.com
428,Admin,Judge_Rippin@yahoo.com
429,Admin,Natasha_Botsford@hotmail.com
430,Admin,Jany_Ziemann26@gmail.com
431,Client,Josiah_Jast57@gmail.com
432,Client,Margarett95@hotmail.com
433,Admin,Alisha96@hotmail.com
434,Client,Paula74@gmail.com
435,Client,Hester_Rowe80@hotmail.com
436,Admin,Reed_Koelpin-Hermiston13@gmail.com
437,Client,Ashlynn4@hotmail.com
438,Admin,Skye.Ward-Bednar96@gmail.com
439,Admin,Elouise.Gislason@yahoo.com
440,Client,Michaela67@hotmail.com
441,Admin,Consuelo87@yahoo.com
442,Client,Patsy26@yahoo.com
443,Admin,Monty22@gmail.com
444,Client,Dalton64@yahoo.com
445,Admin,Marquise_Lubowitz72@hotmail.com
446,Client,Raphaelle_Friesen@gmail.com
447,Admin,Verona.Hilll93@yahoo.com
448,Client,Mattie.Lockman51@yahoo.com
449,Client,Arne.VonRueden78@gmail.com
450,Admin,Monte_Roob45@yahoo.com
451,Client,Lorna_Gusikowski4@gmail.com
452,Admin,Fausto.Hahn@gmail.com
453,Client,Rubie.Davis@yahoo.com
454,Admin,Vernice64@yahoo.com
455,Admin,Kelley.Treutel8@hotmail.com
456,Client,Jacinto12@gmail.com
457,Client,Natasha77@gmail.com
458,Admin,Benny_Schoen99@hotmail.com
459,Client,Jeff64@yahoo.com
460,Client,Luis_Lubowitz68@hotmail.com
461,Client,Kelton.Stoltenberg@gmail.com
462,Admin,Cathrine.Hayes70@gmail.com
463,Client,Darrell.Williamson9@hotmail.com
464,Admin,Domingo.Keebler30@yahoo.com
465,Client,Nolan_Lemke@gmail.com
466,Admin,Dalton_Adams@yahoo.com
467,Client,Violette_Lind@hotmail.com
468,Admin,Trey75@hotmail.com
469,Client,Giles.Wisozk36@gmail.com
470,Admin,Demetris57@yahoo.com
471,Admin,Valerie.Senger-Durgan@hotmail.com
472,Client,Javier47@yahoo.com
473,Client,Vanessa_Walter@hotmail.com
474,Admin,Laverne_Nader-Gottlieb39@yahoo.com
475,Client,Thomas_Ferry@hotmail.com
476,Admin,Jaleel42@gmail.com
477,Admin,Granville.Mills85@yahoo.com
478,Admin,Edwardo.Crooks21@hotmail.com
479,Admin,Arden50@hotmail.com
480,Client,Aleen.Corkery87@hotmail.com
481,Admin,Bianka42@yahoo.com
482,Client,Keshawn_Donnelly@yahoo.com
483,Admin,Daryl.Upton@gmail.com
484,Admin,Ulices_Brown@gmail.com
485,Admin,Barton_Kovacek@yahoo.com
486,Client,Sadye.Bogan28@gmail.com
487,Client,Sibyl30@hotmail.com
488,Admin,Dina18@yahoo.com
489,Admin,Laurine.Dickens97@hotmail.com
490,Client,Prudence_Rosenbaum80@hotmail.com
491,Admin,Waldo_Powlowski@gmail.com
492,Admin,Mafalda.Gerhold26@yahoo.com
493,Admin,Sonny.Mertz@gmail.com
494,Client,Mike.Dare@yahoo.com
495,Admin,Mia_Pacocha35@yahoo.com
496,Admin,Toby.Dickinson26@gmail.com
497,Client,Eliezer.Nikolaus32@hotmail.com
498,Client,Jaeden_Denesik@hotmail.com
499,Admin,Rylan.Schuppe46@yahoo.com
500,Admin,Providenci7@hotmail.com
