restaurant_id,Name,Address
1,Restaurante Wehnerbury,712 Kertzmann Plains
2,Restaurante Pittsburgh,303 Central Street
3,Restaurante Abagailstead,607 Aufderhar Plaza
4,Restaurante Weston,1383 Hall Lane
5,Restaurante Roobburgh,80693 Bechtelar Villages
6,Restaurante Pasadena,177 Kemmer Bridge
7,Restaurante Youngstown,6532 Gerhold Circle
8,Restaurante East Amara,2477 Furman Squares
9,Restaurante Lake Claudia,195 Gladstone Road
10,Restaurante South Brandtberg,31688 Guillermo Harbors
11,Restaurante New Kristian,62837 Bahringer Radial
12,Restaurante Oakland,807 Depot Street
13,Restaurante Missoula,48884 Devonshire Road
14,Restaurante Fort Marysetown,55688 Hassie Station
15,Restaurante Fort Nickport,5554 Priory Close
16,Restaurante Hammond,46639 Lilly Heights
17,Restaurante Spring,60242 E Pine Street
18,Restaurante West Crystalburgh,1806 Third Avenue
19,Restaurante Bozeman,65069 Greenville Road
20,Restaurante Sparks,89275 Belmont Road
21,Restaurante South Jocelyn,6262 Stoltenberg Gateway
22,Restaurante Rockville,863 Norbert Route
23,Restaurante Port Madisyn,187 Blanda Rapid
24,Restaurante Jonesboro,986 Ryan Lakes
25,Restaurante Heathcoteshire,20078 Cumberland Street
26,Restaurante Fort Rachelle,89755 Hegmann Bridge
27,Restaurante Zboncakburgh,3937 Friesen Divide
28,Restaurante West Kurtis,836 Boehm Burgs
29,Restaurante Port Raestad,58441 Trisha Parkways
30,Restaurante Port Vicky,87713 Franklin Avenue
31,Restaurante Savannah,886 Hauck Brooks
32,Restaurante Bothell,818 Hettinger Squares
33,Restaurante Schadenborough,745 Jaylen Key
34,Restaurante Durganfort,77698 W Main Street
35,Restaurante New Addisonport,954 Satterfield Ways
36,Restaurante Morissetteboro,4562 Dach Walks
37,Restaurante Alexandroberg,958 Damon Valleys
38,Restaurante Port Abdullahport,1127 Elinore Burgs
39,Restaurante New Maci,9995 Hansen Center
40,Restaurante Mauriceville,949 Baker Street
41,Restaurante Pollichberg,561 Tomasa Underpass
42,Restaurante Tonystad,741 Hilton Crest
43,Restaurante Provo,367 12th Street
44,Restaurante North Myrtisfurt,19710 Nicolas Cape
45,Restaurante West Filomenafurt,9660 1st Street
46,Restaurante Port Mya,51699 N Court Street
47,Restaurante Alafaya,830 Jenkins Mall
48,Restaurante North Erickacester,873 Kihn Path
49,Restaurante Einobury,59280 Mann Divide
50,Restaurante West Howard,21879 Baker Street
51,Restaurante Chesterfield,16691 Jada Track
52,Restaurante East Orange,693 Deanna Junction
53,Restaurante Adamsland,4588 Chadrick Junction
54,Restaurante Krisville,649 Hamill Plain
55,Restaurante Fort Americafurt,3937 Riverside Avenue
56,Restaurante Fort Van,1529 Hills Burg
57,Restaurante New Cloyd,2116 Chyna Ferry
58,Restaurante South Oswald,259 Schuppe Shoal
59,Restaurante Davisport,1140 Mill Lane
60,Restaurante East Isadore,274 Park Avenue
61,Restaurante Keyonhaven,1940 E Grand Avenue
62,Restaurante Tinley Park,759 Richmond Gateway
63,Restaurante Temecula,9336 Chanel Landing
64,Restaurante Lake Xzavierport,65446 Senger Way
65,Restaurante O'Haraborough,27879 Lacey Fords
66,Restaurante East Roelland,7557 E River Road
67,Restaurante Lazaroport,6332 Bartoletti Dam
68,Restaurante Athens-Clarke County,7184 Gerhold Parks
69,Restaurante Julianworth,67636 Clarendon Road
70,Restaurante Sioux Falls,6139 Highfield Road
71,Restaurante Lake Charles,27559 Woodlands
72,Restaurante Romaguerashire,55674 Malinda Falls
73,Restaurante Cormierfurt,31184 N Jefferson Street
74,Restaurante Lake Dockburgh,9168 W Main
75,Restaurante Donnellyfort,8264 Christiansen Court
76,Restaurante South Kianaland,72138 Cassin Valleys
77,Restaurante Lowell,2132 Julie Summit
78,Restaurante Nikolausfield,8749 Runte Motorway
79,Restaurante West Brandynfield,1823 Macey Field
80,Restaurante Presleyfield,864 Noemie Cove
81,Restaurante East Lesliefield,38551 Hauck Locks
82,Restaurante Fort Ritaville,488 Medhurst Mount
83,Restaurante South Gabrielstad,1973 Cole Orchard
84,Restaurante Brownland,991 Elm Close
85,Restaurante Atlanta,16681 Bode Turnpike
86,Restaurante South Garrison,4052 9th Street
87,Restaurante South Dixieville,4630 Chadrick Stravenue
88,Restaurante Hilpertberg,2622 Lincoln Road
89,Restaurante Texas City,926 Lia Fall
90,Restaurante Rolfsonworth,79456 Witting Haven
91,Restaurante Fort Cathryn,46144 N Pine Street
92,Restaurante New Laura,7632 W 4th Street
93,Restaurante Fort Cory,422 Mackenzie Course
94,Restaurante West Dangeloton,1432 Murphy Flat
95,Restaurante Lake Chelsey,9379 Wyman Cape
96,Restaurante Dexterhaven,9171 Boyer Streets
97,Restaurante Fort Margarete,373 Bins Trafficway
98,Restaurante Barnstable Town,785 Jany Isle
99,Restaurante Boynton Beach,376 Hal Cape
100,Restaurante Boehmstead,8710 Madison Avenue
101,Restaurante Harberville,50979 Lorenza Flats
102,Restaurante Walshboro,2384 Richmond Close
103,Restaurante Toytown,9692 Mossie Shoal
104,Restaurante Pembroke Pines,62383 Jalyn Park
105,Restaurante O'Connellboro,3158 S 5th Street
106,Restaurante Paramount,65757 Cherry Street
107,Restaurante Trishaville,5016 Reinger Ford
108,Restaurante South Eileen,626 Green Street
109,Restaurante South Barbara,437 The Mews
110,Restaurante McLaughlinville,5654 Francisco Passage
111,Restaurante Lake Josue,6339 Dare Hollow
112,Restaurante Roseville,4174 Casper Trafficway
113,Restaurante Leonardfield,30787 Jerrod Extension
114,Restaurante Port Beryl,529 First Street
115,Restaurante Upland,804 Crist Turnpike
116,Restaurante New Una,128 Lowe Pines
117,Restaurante Linden,238 Church View
118,Restaurante Breitenbergburgh,2593 Katarina Greens
119,Restaurante Parkerworth,5502 Maximillian Flat
120,Restaurante North Averybury,408 Botsford Cape
121,Restaurante Sammamish,22308 Mertz Crossroad
122,Restaurante West Samaraland,21267 Jude Alley
123,Restaurante Lawrence,13194 Cali Bridge
124,Restaurante Hubertbury,98873 Skyline Drive
125,Restaurante East Talia,9602 Hazel Close
126,Restaurante Midwest City,710 Chapel Road
127,Restaurante Volkmanstad,241 Schiller Club
128,Restaurante Lake Leda,6566 Aliza Mill
129,Restaurante Reggieborough,35358 S Main Avenue
130,Restaurante Hempstead,9318 Smith Street
131,Restaurante East Thelmatown,6840 15th Street
132,Restaurante North Courtneyworth,75045 Noe Parkway
133,Restaurante Morarmouth,66803 N 7th Street
134,Restaurante Elinorborough,78266 Washington Boulevard
135,Restaurante Pasqualeview,8955 Gleason Square
136,Restaurante Tanyatown,5413 Gerardo Station
137,Restaurante Chino Hills,238 Agustina Point
138,Restaurante Lake Xavier,44324 The Willows
139,Restaurante Powlowskiborough,550 Fritsch Place
140,Restaurante Waelchiton,194 Kent Road
141,Restaurante New Reid,5338 Goyette Radial
142,Restaurante Fort Janet,56158 Pennsylvania Avenue
143,Restaurante Williambury,3814 Jada Cliff
144,Restaurante Russelstead,6657 Estefania Bypass
145,Restaurante Austynhaven,2785 Torp Lights
146,Restaurante East Joannie,3514 Mraz Mountains
147,Restaurante Roanoke,36779 Harber Curve
148,Restaurante Dickinsonside,480 Blanda Ford
149,Restaurante Palo Alto,1783 Schiller Burg
150,Restaurante Lake Forest,8566 Schinner Walks
151,Restaurante Balistreriboro,87235 Devonshire Road
152,Restaurante Jordynstead,6301 5th Avenue
153,Restaurante Albany,3472 S Maple Street
154,Restaurante Alameda,42680 Rectory Close
155,Restaurante Wellington,485 Barrows Vista
156,Restaurante Edinburg,13057 Tudor Close
157,Restaurante Ziemanncester,6523 Champlin Grove
158,Restaurante North Dawntown,1558 Marguerite Heights
159,Restaurante West Nikkiport,204 Adrien Expressway
160,Restaurante Harrisonview,672 Gorczany Mission
161,Restaurante New Laneyton,834 E 4th Avenue
162,Restaurante Aminafurt,98464 W North Street
163,Restaurante West Ansel,8651 Samara Dale
164,Restaurante Hemet,2574 Hammes Branch
165,Restaurante Keeblertown,494 School Road
166,Restaurante Jackson,192 Ashton Hill
167,Restaurante Lake Andre,52981 Koelpin Avenue
168,Restaurante Olsonfort,702 Tillman Forest
169,Restaurante Morissetteworth,63692 Broad Street
170,Restaurante North Akeemport,35401 Laverna Canyon
171,Restaurante Fountainebleau,8238 The Mount
172,Restaurante Parisianboro,720 Augusta Viaduct
173,Restaurante Fort Jordane,537 Tatyana Branch
174,Restaurante Indio,99781 Hintz Manor
175,Restaurante Fort Enid,95481 Abbott Falls
176,Restaurante Fort Raphael,68084 McKenzie Path
177,Restaurante Bethlehem,92574 Kasey Garden
178,Restaurante Rodriguezton,5111 Kameron Overpass
179,Restaurante Boyleville,1256 MacGyver Expressway
180,Restaurante Julianneberg,5358 Ridge Road
181,Restaurante Fort Jermainefield,62790 Lincoln Road
182,Restaurante Port Annabelle,18337 The Maltings
183,Restaurante East Luz,741 Elza Spring
184,Restaurante Yundtboro,78227 Koss Plaza
185,Restaurante Toyhaven,51452 Casper Points
186,Restaurante Erdmanstad,1968 Bernhard Island
187,Restaurante New Brionna,45202 Towne Crossing
188,Restaurante East Waylonmouth,3641 Terry Hills
189,Restaurante Woodland,787 Faye Hill
190,Restaurante South Masonmouth,662 Duke Street
191,Restaurante East Shanelleside,1239 Lesch Squares
192,Restaurante Greenfelderhaven,3170 W 11th Street
193,Restaurante North Candice,493 Olga Trace
194,Restaurante Schambergerstead,9383 Church View
195,Restaurante South Nicolas,1270 Bartoletti Garden
196,Restaurante O'Reillyshire,43349 Jovany Center
197,Restaurante Robertoville,5680 Ubaldo Club
198,Restaurante Westleyfort,79117 Skylar Flat
199,Restaurante Ankundinghaven,8896 Charlotte Lake
200,Restaurante Lake Fannyberg,272 Rod Crossroad
201,Restaurante Ladariusside,3359 Zack Drive
202,Restaurante South Crawford,33798 S Broad Street
203,Restaurante East Vidal,4937 Jaydon Mews
204,Restaurante Altamonte Springs,464 Cole Summit
205,Restaurante New Rashad,5264 Reichert Valleys
206,Restaurante Labadieboro,40088 Gloucester Road
207,Restaurante Fort Bruce,45752 Lenny Village
208,Restaurante Littelland,23694 Thelma Oval
209,Restaurante West Karelleborough,6288 Agustina Meadows
210,Restaurante Danville,8232 Park Road
211,Restaurante Woodbury,8263 Christelle Ways
212,Restaurante Margrethaven,101 Hall Street
213,Restaurante Jerdestad,8919 O'Connell Ways
214,Restaurante Lake Ovaview,29237 Charity Meadow
215,Restaurante Greenholtworth,5847 South View
216,Restaurante North Kaelaport,58924 Kovacek Unions
217,Restaurante North Noel,1842 Devon Rest
218,Restaurante Port Lonny,7429 E Main Street
219,Restaurante Pharr,4329 University Drive
220,Restaurante Swaniawskifield,7200 Janiya Street
221,Restaurante Fabiolaside,48596 Ivy Garden
222,Restaurante Abbottburgh,441 Cummings Cove
223,Restaurante Ryanview,347 Glebe Close
224,Restaurante Port Helga,94174 Purdy Divide
225,Restaurante Evieport,91408 Greenwood Road
226,Restaurante Harrischester,38824 Johnson Burgs
227,Restaurante Port Toney,2715 Mayer Field
228,Restaurante Morissetteview,3380 Denis Tunnel
229,Restaurante Elinorefield,844 Daugherty Grove
230,Restaurante Fanniechester,659 1st Avenue
231,Restaurante Concord,957 Park Street
232,Restaurante Joannestead,76524 Jerod Mountain
233,Restaurante Carleeport,39270 Stacey Vista
234,Restaurante North Santiago,3601 Amie Forges
235,Restaurante Gennarofurt,64170 Alivia Station
236,Restaurante Kuvalisberg,615 Oak Street
237,Restaurante West Cassieworth,256 E 1st Street
238,Restaurante Port Jasmin,3585 Ken Estates
239,Restaurante Monicashire,642 Cole Avenue
240,Restaurante Thompsonfort,40196 Lorena Forest
241,Restaurante Waterloo,576 E 4th Street
242,Restaurante Port Lorenfurt,637 Church Street
243,Restaurante North Vivientown,366 Chance Via
244,Restaurante Fort Cadeview,8532 Ernestina Glens
245,Restaurante North Darianworth,357 Estel Loaf
246,Restaurante East Jolieside,882 Klein Trafficway
247,Restaurante North Hildegardmouth,17737 Franklin Avenue
248,Restaurante Rohanfield,1598 Woodland Road
249,Restaurante Rozellaboro,866 Leffler Junction
250,Restaurante North Adamboro,3449 Borer Harbor
251,Restaurante Port Brainport,317 N Broad Street
252,Restaurante Germantown,851 Talbot Road
253,Restaurante Halvorsonchester,831 North Road
254,Restaurante Brakusborough,956 Buck Forest
255,Restaurante Santa Rosa,22129 W 6th Avenue
256,Restaurante Goldnerboro,2281 Schuster Highway
257,Restaurante Fort Emmitthaven,52224 Low Road
258,Restaurante Albany,2134 Weissnat Fields
259,Restaurante Finnmouth,46476 Schaden Squares
260,Restaurante New Americafort,7736 The Meadows
261,Restaurante Parisianborough,3919 Witting Ranch
262,Restaurante New Jay,9831 Cronin Shoals
263,Restaurante Howelltown,967 Bayer Locks
264,Restaurante Rossietown,27185 Bramley Close
265,Restaurante Matildaland,38273 Paris Tunnel
266,Restaurante Breitenbergboro,39294 Dexter Union
267,Restaurante Aminashire,723 Reichert Glen
268,Restaurante New Mariliecester,321 Dicki Hollow
269,Restaurante Royal Oak,97374 Kenna Lakes
270,Restaurante McGlynnshire,9470 Jaleel Union
271,Restaurante Gabriellafurt,485 Pamela Avenue
272,Restaurante Erinstad,99360 Cleora Garden
273,Restaurante Las Cruces,353 Coleman Place
274,Restaurante Bloomington,9981 Isaac Throughway
275,Restaurante New Idell,2348 Antonietta Mountains
276,Restaurante Garden Grove,61935 Chapel Close
277,Restaurante Legroshaven,714 James Street
278,Restaurante Summerville,1994 E Jefferson Street
279,Restaurante Lake Rhiannon,73451 Kling Bypass
280,Restaurante Felicityshire,25166 Akeem Shoals
281,Restaurante Ellicott City,7021 Division Street
282,Restaurante Cleveland,2709 Ryan Spurs
283,Restaurante Port Matildetown,3655 Samantha Glen
284,Restaurante East Diego,14463 Kestrel Close
285,Restaurante Rock Hill,2464 Alta Shoals
286,Restaurante West Covina,9615 Ondricka Lakes
287,Restaurante New Keanu,63002 Ledner Pine
288,Restaurante New Selenabury,3866 Ben Club
289,Restaurante Avisfort,244 Considine Cliffs
290,Restaurante Port Izabellaview,53215 Second Avenue
291,Restaurante Fort Jessycaton,8307 Spencer Alley
292,Restaurante Lake Janice,28673 Felicita Plain
293,Restaurante North Drake,346 Walnut Street
294,Restaurante Thousand Oaks,25487 Market Street
295,Restaurante Lornacester,7705 Broadway Street
296,Restaurante Kozeycester,59420 Isaiah Cliffs
297,Restaurante Schneiderfield,848 Jerrold Summit
298,Restaurante Fabiolaland,859 Ernser Mall
299,Restaurante East Freedacester,427 Lauryn Mission
300,Restaurante Fort Kasandra,296 Jolie Heights
301,Restaurante New Bette,120 First Avenue
302,Restaurante Lake Imanifurt,1523 Cruickshank Lights
303,Restaurante Jeromefield,4860 Lizzie Highway
304,Restaurante West Marianoborough,80914 Langworth Forks
305,Restaurante Elyria,156 Beach Road
306,Restaurante Shadside,69668 Hermann Parks
307,Restaurante Fort Merlinburgh,6619 Robel Gardens
308,Restaurante Lake Leonorabury,48180 West View
309,Restaurante Rockyshire,519 McClure Branch
310,Restaurante Hamillchester,70128 Gabe Stream
311,Restaurante Fort Hayliefurt,668 Harold Rest
312,Restaurante Lee's Summit,52522 Hillside Road
313,Restaurante Abernathyfield,852 Gage Ramp
314,Restaurante Lincoln,511 Freda Junctions
315,Restaurante West Evan,5160 Bethel Flats
316,Restaurante Boscoview,592 Howard Street
317,Restaurante South Jena,558 S Railroad Street
318,Restaurante Fort Maymie,3758 O'Kon Point
319,Restaurante Yasminside,7810 Tanner Brooks
320,Restaurante Los Angeles,4843 Crist Crossroad
321,Restaurante Enosbury,9855 Clarence Road
322,Restaurante Fort Theron,5540 Brooks Parks
323,Restaurante West Jermey,6237 Main Street W
324,Restaurante Arcadia,19877 State Street
325,Restaurante Wilmington,181 Willy Curve
326,Restaurante Harleychester,58177 Sanford Valleys
327,Restaurante Lake Serena,35563 16th Street
328,Restaurante Mooreside,3581 Forest Avenue
329,Restaurante Lawrence,151 Lincoln Fort
330,Restaurante Doyleworth,35602 Audra Parkways
331,Restaurante Port Flossieton,825 Pfeffer Path
332,Restaurante Gabeboro,8956 Cherry Close
333,Restaurante Elliotthaven,35983 Market Street
334,Restaurante Irwinburgh,493 Windermere Road
335,Restaurante Violaville,40249 Laburnum Grove
336,Restaurante Edina,904 Emmerich Burg
337,Restaurante New Clotildeside,828 Pacocha River
338,Restaurante North Sterlingfurt,2412 Quincy Estate
339,Restaurante Blickside,182 Boyle Cliffs
340,Restaurante Keeblerboro,42786 Sedrick Ramp
341,Restaurante Port Marquiseboro,528 Daryl Lane
342,Restaurante Reading,26531 Baumbach Spur
343,Restaurante Port Jaquelinboro,46268 Haley Track
344,Restaurante South Wilmer,731 Glover Lights
345,Restaurante O'Connelltown,376 Maple Street
346,Restaurante East Jovanishire,119 Lawrence Pine
347,Restaurante West Helmershire,5509 Erich Cliffs
348,Restaurante East Kristopher,9648 Tamia Meadow
349,Restaurante Kearny,98134 1st Avenue
350,Restaurante Fort Abigale,613 Main Street W
351,Restaurante Odessaview,6387 Granville Dale
352,Restaurante McKenzieshire,34435 Manchester Road
353,Restaurante Fort Valentine,679 Wolff Viaduct
354,Restaurante Surprise,742 Austin Heights
355,Restaurante McLean,9730 Cooper Vista
356,Restaurante Fort Miles,63934 Hayes Hills
357,Restaurante Cartercester,6994 Davin Highway
358,Restaurante Minnetonka,19830 North Street
359,Restaurante South Rosettafort,12156 Dena Pass
360,Restaurante Rolandobury,803 Gretchen Pine
361,Restaurante Arneport,156 Benton Oval
362,Restaurante Schmittmouth,61054 Aletha Point
363,Restaurante North Judy,2782 Lake Avenue
364,Restaurante West Martine,48894 Oak Avenue
365,Restaurante Herzogfield,2705 W Church Street
366,Restaurante New Oniecester,8777 Dustin Curve
367,Restaurante Charleymouth,299 Cherry Close
368,Restaurante North Georgettehaven,859 Turner Parkways
369,Restaurante Bedford,476 Sycamore Drive
370,Restaurante Kyleeton,326 Dickinson Corners
371,Restaurante Elysehaven,275 MacGyver Estates
372,Restaurante Lonnieville,31829 Clinton Street
373,Restaurante New Albina,3378 Swaniawski Fall
374,Restaurante Lake Kyraside,3392 Hillside
375,Restaurante North Alta,45963 Dietrich Walk
376,Restaurante Leschchester,934 Volkman Ways
377,Restaurante Fort Electa,306 Kunze Roads
378,Restaurante Bryan,739 11th Street
379,Restaurante New Julianastad,8194 Little Cape
380,Restaurante Fort Rogelioside,249 Gibson Island
381,Restaurante Chico,685 North Lane
382,Restaurante East Elmore,8572 Becker Dale
383,Restaurante Lake Holly,602 Pacocha Fork
384,Restaurante East Antoniettaberg,62372 Larson Shoal
385,Restaurante Hansenburgh,72717 Hallie Lake
386,Restaurante New Ericashire,97290 Moen Land
387,Restaurante North Malachi,882 Senger Valley
388,Restaurante Laurianneboro,9630 The Copse
389,Restaurante New Zora,7679 Bergnaum Avenue
390,Restaurante Bakersfield,26607 Farrell Underpass
391,Restaurante Krisbury,64424 Hodkiewicz Light
392,Restaurante South Ashlyview,6671 Lodge Lane
393,Restaurante Port Gussiestead,87611 Amie Parks
394,Restaurante Grand Junction,9671 Scot Pike
395,Restaurante Corwinchester,6547 Union Avenue
396,Restaurante New Raleighborough,7040 Alvis Turnpike
397,Restaurante New Angelatown,82604 Thiel Ford
398,Restaurante Colehaven,8358 Dibbert Freeway
399,Restaurante Gleasonbury,19424 Johnson Street
400,Restaurante Hoover,5427 Clinton Street
401,Restaurante Predovicberg,79265 Robel Hollow
402,Restaurante Gulgowskiboro,20794 St George's Road
403,Restaurante Rachellecester,4880 Highland Avenue
404,Restaurante Council Bluffs,4316 Railway Street
405,Restaurante Lorenafurt,36793 Emmerich Extension
406,Restaurante Coon Rapids,91256 Bahringer Canyon
407,Restaurante Muellerstad,177 McKenzie Wall
408,Restaurante Fort Unique,4355 Irma Streets
409,Restaurante South Jeanettefield,6303 Quentin Estates
410,Restaurante Emileview,19257 Hazle Ramp
411,Restaurante Furmanville,2819 Stoney Lane
412,Restaurante New Glen,226 Watery Lane
413,Restaurante Mitchellside,2771 Piper Loop
414,Restaurante Lake Harryview,19731 America Manor
415,Restaurante Rodriguezcester,407 Donnelly Stream
416,Restaurante Port Juniorshire,607 Okuneva Flats
417,Restaurante Deonborough,7586 Murray Burgs
418,Restaurante East Maximilliamouth,72302 Castle Road
419,Restaurante Maureenland,24811 Buckridge Radial
420,Restaurante Battle Creek,408 Lueilwitz Shoal
421,Restaurante Fort Lilly,3819 Hills Corners
422,Restaurante South Jaydaton,741 Oliver Meadows
423,Restaurante Urbandale,61364 Paucek Pine
424,Restaurante Lake Amparoview,35075 Kohler Row
425,Restaurante Keelingfort,80836 Russell Forest
426,Restaurante Plainfield,17390 Talbot Road
427,Restaurante South Burley,53306 Green Shoals
428,Restaurante Wolffton,79927 Manor Way
429,Restaurante South Hudsonstad,2704 Krajcik Common
430,Restaurante Joanniemouth,3505 S Church Street
431,Restaurante New Alfredbury,907 N 7th Street
432,Restaurante Bonita Springs,9029 Eddie Springs
433,Restaurante Albany,833 Blick Lane
434,Restaurante East Lilliana,96831 Laburnum Grove
435,Restaurante Chino,2025 Reilly Plains
436,Restaurante West Hartford,898 Lance Manor
437,Restaurante Manteca,83567 Zack Hills
438,Restaurante Port Emmanuelton,53222 Ernest Ville
439,Restaurante Fort Jordynbury,447 Center Street
440,Restaurante Blockbury,900 Quarry Lane
441,Restaurante Cartwrightborough,561 Vine Street
442,Restaurante Lawton,88676 Wehner Shores
443,Restaurante Lake Lewville,3966 Long Lane
444,Restaurante Hartmannworth,61378 Mulberry Street
445,Restaurante Lake Liamtown,434 Jude Pines
446,Restaurante Hackettbury,143 Bethel Summit
447,Restaurante Jersey City,710 Gretchen Locks
448,Restaurante Davisburgh,60305 Fred Motorway
449,Restaurante New Kristinworth,279 Oberbrunner Trace
450,Restaurante West Larissa,811 Donnelly View
451,Restaurante Seattle,60052 Alma Street
452,Restaurante Boyleside,8732 Bins Flat
453,Restaurante Port Minaburgh,177 Bonnie Common
454,Restaurante Lorain,32875 Torp Drive
455,Restaurante Schulistbury,854 Skylar Run
456,Restaurante Taliashire,209 Friesen Knoll
457,Restaurante New Zoieshire,7870 Heidenreich Garden
458,Restaurante Wilmington,869 Hegmann Shores
459,Restaurante Lake Shemar,81665 Pine Street
460,Restaurante South Bethview,970 Moen Views
461,Restaurante Mittieworth,19722 Catharine Terrace
462,Restaurante East Ardithshire,74943 Church Path
463,Restaurante Fort Hubert,56297 Wood Lane
464,Restaurante Lake Aurorehaven,93288 Cummerata Landing
465,Restaurante West Sterling,55488 Demarco Keys
466,Restaurante South Jerrold,7602 Anne Expressway
467,Restaurante Vitofield,139 O'Connell Branch
468,Restaurante Lake Arvel,4045 Keyshawn Viaduct
469,Restaurante Baumbachchester,454 Lakin Ridges
470,Restaurante The Woodlands,505 Rosella Greens
471,Restaurante North Hattie,24187 Riley Corners
472,Restaurante North Andersonchester,5501 Poplar Road
473,Restaurante North Kay,702 Nash Islands
474,Restaurante Collinfurt,4941 Gerard Center
475,Restaurante North Alaynastead,45052 Kaylin Manor
476,Restaurante Joshuahshire,4379 Camilla Flats
477,Restaurante South Keyonfield,65309 W Church Street
478,Restaurante Metzstead,6549 Erna Manor
479,Restaurante Rogahnburgh,94339 Cummerata Throughway
480,Restaurante Scarlettland,87560 Bernier Cliff
481,Restaurante Antoninashire,2344 Reilly Valleys
482,Restaurante Kuhictown,899 Milford Trafficway
483,Restaurante Leonfurt,574 Abernathy Walk
484,Restaurante DuBuqueport,704 Edythe Orchard
485,Restaurante New Tatumside,292 Katherine Mews
486,Restaurante Port Emiliano,617 Stokes Shoal
487,Restaurante Alafaya,23395 Old Lane
488,Restaurante Ronnyburgh,569 Hazel Close
489,Restaurante Gutkowskiside,517 Cydney Drive
490,Restaurante West Zoila,186 Jerde Glens
491,Restaurante Fort Danahaven,79788 Bauch Hollow
492,Restaurante New Esperanza,452 Jerrell Ville
493,Restaurante Gerholdburgh,1842 McLaughlin Forest
494,Restaurante Florin,26774 Birch Close
495,Restaurante Gleichnerside,61930 Adell Course
496,Restaurante Gregburgh,262 O'Conner Lock
497,Restaurante Fort Sibylboro,271 Runte Row
498,Restaurante Owenville,80091 Howard Street
499,Restaurante Conroe,954 Bridge Street
500,Restaurante West Yesenia,53770 Rath Shores
