user_id,Role,username,email,Password
1,Client,Madisyn_Kreiger54,Melyssa_Hirthe54@yahoo.com,dSxaP65LkjxCAtq
2,Client,Vaughn10,Rozella.Prosacco@yahoo.com,LGCsP9_4tBsJYhn
3,Admin,Bettye.Metz,Oleta.Schaefer47@yahoo.com,el9cXTKdYA2Y3Ub
4,Admin,Nia_OKon6,Zachary98@hotmail.com,ALn6aqsYbNUgHWQ
5,Admin,Daphne.Beier5,Gust.Satterfield53@hotmail.com,Ypih2WcVhfmD3fs
6,Client,Ashtyn46,Callie.Pfeffer97@gmail.com,ZBiPcma6Em3Gmgk
7,Client,Destiny.Dickens,Dameon56@yahoo.com,GunQSR1tph1FSXS
8,Admin,Tillman81,Gavin.Botsford52@gmail.com,oJp84nB3Lv7q0Am
9,Admin,Lurline28,Krystel.Spinka58@hotmail.com,fXvyDmCW6FAucj1
10,Client,Talon_Nicolas,Cassandre90@hotmail.com,wsEYHKzC2EK2sUc
11,Admin,Madie_Kuhn,Kacie_Metz21@yahoo.com,YajdGDYA9lPftcL
12,Admin,Ryder59,Reina94@gmail.com,MxdvYweUPLS_EGV
13,Client,Dameon.Waters48,Eliseo_Mante@hotmail.com,k0mjbx_2da_Zrew
14,Admin,Garth.Emmerich,Genesis_Padberg85@yahoo.com,z2oZt0j9o0yHujH
15,Client,Rupert_DuBuque,Doris_Stark@yahoo.com,eBJDyHWYj4Mzste
16,Admin,Jaron_Hessel99,Cielo_McLaughlin@gmail.com,yImY0uVp3RQ9gfZ
17,Client,Terrence.Gutkowski,Brent63@gmail.com,TDt25yciOdVnfBp
18,Admin,Darrel50,Trevion80@yahoo.com,lHcl5WCQ1exrBe_
19,Client,Corrine.Kiehn,Zachariah21@yahoo.com,u33bxtQazbNgdbp
20,Client,Lynn.Kertzmann,Kayden_Durgan@hotmail.com,1UgFqPZac_Wf3gR
21,Client,Rudy.Graham90,Tania_Schmidt@hotmail.com,6wnfGEj3f8bLrqP
22,Admin,Lora.Gutkowski26,Trenton_Lowe15@yahoo.com,DicyC0dAOQ64ywy
23,Client,Aracely69,Demetris13@gmail.com,We9yyQxY1BkEifS
24,Client,Vena21,Jessy_Morissette9@hotmail.com,NQf64sHS8WRfFuB
25,Admin,Santina17,Colten_Friesen@gmail.com,qQrHDlkFzzDUa1V
26,Client,Shemar0,Rebekah3@gmail.com,HFof7ATKAKBlzA9
27,Client,Kathryn_Rohan18,Aracely5@hotmail.com,mvK9EBpUTDuaPRF
28,Client,Syble_Mraz17,Otho.Thompson@hotmail.com,xm8Dx1EieFxuqGG
29,Client,Caroline77,Marian60@hotmail.com,cOqx14IyHIXT8pK
30,Client,Patsy.Lebsack37,Scotty.Walsh17@gmail.com,0sVIL6PeG6N85Ss
31,Client,Stuart23,Tremaine57@hotmail.com,KRJQuTHpLnGXa3d
32,Client,Giovanna.Weimann,Abbey_Robel25@hotmail.com,hMJwDuUluQDhb45
33,Admin,Zella_Lind,Ben.Little@gmail.com,6GWnGe0m9uBNBbU
34,Admin,Kattie.Quigley,Delpha_Schinner54@yahoo.com,XYwDRMB02G1DYz6
35,Client,Kara.Hermann5,Mireya_White38@gmail.com,77xsZCxk_5bJ38u
36,Admin,Reyes61,Al87@yahoo.com,8P69BjRJNx1Hjdw
37,Client,Harmony62,Johnathon.Waters@yahoo.com,jHtTqqnrHTtZ98N
38,Client,Hassie_Senger89,Mavis.Krajcik@hotmail.com,fLxd6bwJ9xQLSus
39,Client,Alva87,Cathy_Balistreri24@gmail.com,Q71bLOi90aRJfXQ
40,Admin,Camren.Macejkovic30,Athena65@hotmail.com,QX893MneDorwVQz
41,Admin,Deondre_Cronin,Leonora54@gmail.com,jKPNFOUDGK8CH6r
42,Admin,Betsy55,Cassandra.Powlowski28@gmail.com,RV6hE4Uj2JqLfMa
43,Client,Kaylie_Bartoletti,Amie33@gmail.com,XfuL0ZnD_LDKnwa
44,Client,Kiera_Rath-Casper39,Alva_Konopelski@gmail.com,cnAwD8BJa5l9uhn
45,Admin,Caleb_Toy59,Zack_Zulauf-Sawayn61@yahoo.com,1WefhxYa93P_br0
46,Client,Mafalda.Becker,Judy16@hotmail.com,mNjslK63Z09CmaM
47,Client,Green68,Berneice53@gmail.com,KIXxBJa3tL_NQDY
48,Client,Rusty70,Danny.Pfeffer@yahoo.com,Xiw3njCQ916BvVN
49,Admin,Alek.Leffler88,Lavinia17@gmail.com,l04r14l_LaRorrI
50,Admin,Saul_Ernser24,Abagail_Ernser@hotmail.com,hUxy5p14sNn6J1H
51,Client,Dock_Boehm,Bertha99@yahoo.com,2qUrYq7lzPIiRUo
52,Client,Ronaldo.Turcotte75,Vida71@gmail.com,j5x7x3XsjllkUdS
53,Admin,Sarai.Blanda,Sarina.Fahey@yahoo.com,UqgwdyZMalBz2K0
54,Admin,Green58,Irma41@yahoo.com,vfIAbtEUln_hyn1
55,Client,Crawford_Schulist52,Moshe.Rath31@hotmail.com,SuRiAsBhmA4Yhog
56,Client,Naomi27,Efren_Runte@yahoo.com,T1VECVs3gBN1S8f
57,Admin,Geoffrey81,Katelyn_Auer27@hotmail.com,UbznCV3uP5e4uIG
58,Admin,Laurine_Champlin35,Leonora_Smitham@yahoo.com,IKWPGMqvVbv_f3J
59,Client,Conrad.Gulgowski83,Mia_Mayer-Prohaska28@yahoo.com,MdvyKBKkki3aN1a
60,Client,Marilyne65,Gaston.OConnell@yahoo.com,Ksfs3EV2kVfIvyU
61,Admin,Hugh51,Lucious.Paucek@yahoo.com,87sHgYpZ44q4wvR
62,Admin,Judson_Mosciski,Selina_Schneider@gmail.com,PZ51hWOz9SWhLIH
63,Admin,Aliza_Boyer28,Tianna10@yahoo.com,Tsleem3G1OsNajD
64,Admin,Noemie_Hauck,Reta96@yahoo.com,0hojLmUnR5gZhxu
65,Client,Mable92,Bridie.Windler-Donnelly@yahoo.com,RlzI6iJ9s6CYe8z
66,Client,Alanna_Jacobi42,Marques_Dare65@gmail.com,Y0L3Tl7RoZreZlo
67,Admin,Brant_Purdy93,Whitney.Franecki@gmail.com,ZBQLRC3bMVWEEhR
68,Admin,Alan.Carter1,Sienna_Little@gmail.com,vlP5DrafVnPnltc
69,Admin,Anibal_Nienow16,Charles86@hotmail.com,HEEZAAm8Ull9GvB
70,Client,Eli60,Madilyn_Blanda28@gmail.com,T3w5fAaLLX8MX0B
71,Client,Yvonne80,Jettie27@yahoo.com,ZKPqZVbcilLQwyl
72,Client,Murphy83,Marcia_Hilll@yahoo.com,aJI5_M90i7vCc43
73,Client,Deshawn8,Einar.Sipes32@yahoo.com,64B7ozbiTQH3_l0
74,Admin,Leanna_Romaguera65,Shyann.Goyette@yahoo.com,G5yyOunB0979iHF
75,Client,Hugh1,Green.Waelchi89@hotmail.com,4NWmWFNHMR8wAvQ
76,Admin,Paris19,Araceli.Beier@hotmail.com,0B0REjXDovcU_Xt
77,Admin,Pattie45,Emile_Hettinger@hotmail.com,S0bWtSThpvYWAqq
78,Admin,Oral75,Erna.Bartell@yahoo.com,w0RgL3sfQI3_3yK
79,Admin,Layne_Boyer,Macy62@yahoo.com,u_bZeCl5z9Q1UCx
80,Client,Antonia.Mitchell8,Destinee.Abernathy-Lockman39@gmail.com,bC6ougp4gMfa_w2
81,Client,Mae.Willms,Yvonne30@yahoo.com,K_gjeevyqrwUDj9
82,Admin,Jarret_Wiegand53,Chelsea_Glover77@yahoo.com,gmAxWW6cBh_YWs7
83,Client,Kane.Lemke19,Solon.Rohan62@hotmail.com,XII9LAOZq9UaTSo
84,Admin,Helen.Altenwerth,Marquise.Feil68@hotmail.com,ZTZoc3hkDNIuM8N
85,Admin,Maddison4,Freeda56@gmail.com,EPedwCDYEJIjoQO
86,Admin,Roslyn_Beatty,Donato.Stehr-Tillman70@gmail.com,E1V3Ihj3gzWi1O8
87,Admin,Derick_Hane,Lionel_Koss@gmail.com,UJYOkAWpnOvELvC
88,Client,Rollin58,Loma.Rogahn70@gmail.com,FZaaxgiD9HWexP6
89,Client,Larissa_Leuschke3,Florence58@yahoo.com,NcBJlqPPKIINSVW
90,Admin,Kiel96,Lance.Doyle34@hotmail.com,d3LlZ1bU1a8j3p2
91,Client,Hosea_Gerhold,Yolanda.Cummings@hotmail.com,EmM0v236_vFaW6Q
92,Client,Johnathan.Hauck93,Dayne.Ernser79@gmail.com,XmxYnubnN5fkuqD
93,Admin,Minerva_Heathcote,Merle40@gmail.com,ba8ZhEPrjbmGuJS
94,Admin,Freeman_Frami,Bianka57@yahoo.com,FeqJj6SJyhnxC_S
95,Client,Evie_Windler,Wilfredo_Stracke@gmail.com,vJPIog1Q7VrPQ36
96,Admin,Matteo43,Trudie.Huels92@gmail.com,KbBvcbNw1svvTgJ
97,Admin,Ulices_Ernser68,Sibyl_Russel31@hotmail.com,1K5bNPDgpF9bZQX
98,Client,Brycen82,Kallie77@yahoo.com,OBZxoCvkvMk_qOZ
99,Client,Justine37,Tristin.Berge50@gmail.com,xNkX7uG1tOKf3_4
100,Admin,Joe95,Alexandre78@hotmail.com,PViH4xPFo0bllHf
101,Admin,Dangelo.Ziemann,Aiden.Tillman@gmail.com,KpqVDSRWY8OOX7V
102,Client,Mazie.Thompson77,Ignacio_Franey@yahoo.com,Z3eX565W5byZ7ze
103,Client,Alek31,Jude.Hammes@hotmail.com,_ozOYE1bhcDWbD2
104,Admin,Halie_Stoltenberg,Lawrence_Cartwright89@gmail.com,A2eFD7gRAb8y5e6
105,Admin,Kay70,Daija_Rempel@hotmail.com,ZAImkPznhLtfjla
106,Client,Abbey.Osinski,Stone_Beier88@yahoo.com,yAQolVnxidWJjAP
107,Client,Damaris60,Jannie.Koelpin@hotmail.com,ZuUP7Moofp9V4Gv
108,Client,Walton_Jacobs20,Sheila_Renner42@hotmail.com,SPVMB8hZAGAQVdz
109,Client,Tess_Franecki22,Keira_Krajcik@gmail.com,1o5Uyc1kve6u5rh
110,Client,Maeve3,Garnett_McKenzie85@gmail.com,mxNputGQULgPBXu
111,Admin,Christop.Howe,Paris43@gmail.com,PHGI7lRVudjYEmq
112,Admin,Chloe_Metz,Gunner_Crist30@gmail.com,JygdEziBl1CSQxh
113,Admin,Clara_Hessel95,Bernie.Leannon89@hotmail.com,XNGf1IrKuQtA0l1
114,Client,Adeline.Grady,Cordie0@yahoo.com,W4CemiF_QK2WqqQ
115,Admin,Einar.Douglas,Kelly.Balistreri-Bauch52@hotmail.com,R23a8mJwfPUNhAl
116,Client,William55,Bettye_Mraz@hotmail.com,XftpfSVHiBScSBm
117,Client,Trey.Auer,Lulu_Jaskolski@yahoo.com,4cvrmENuzajjtTG
118,Client,Rebecca_OConnell22,Carroll84@hotmail.com,XKxTHdQTHMQfOyg
119,Admin,Audie76,Delfina_Feil10@gmail.com,cYqBU1j7n9o4dn9
120,Admin,Hermann18,Wilford39@yahoo.com,r5IN0C7SHzkyMy0
121,Client,Theo.Simonis3,Everette.Dooley85@yahoo.com,rL0WNYqFnWN4oFv
122,Admin,Marcella_Roberts,Taylor.Schuster@gmail.com,9KwjX3sygN64Cjh
123,Client,Lawrence_Stark67,Ryleigh2@hotmail.com,vQMwnDEFqQ6os8v
124,Admin,Gloria.Hackett,Edna_Gibson@hotmail.com,K7hBVsalqmH1C9N
125,Client,Johnson.Collier,Leora.Schmitt@yahoo.com,0yorFbI5cqYd059
126,Client,Charles_Douglas37,Maryjane_Halvorson26@gmail.com,OahQO15W1krY86D
127,Client,Trudie57,Gregory18@yahoo.com,8Ny8tkXkwSSxh7T
128,Client,Adolfo45,Mallory.Bernhard@gmail.com,KN6zbSUDrYDOl3b
129,Client,Jalon_Rath89,Josiane.Hirthe24@yahoo.com,sEqNsrWD4JdTwGm
130,Admin,Chase.Romaguera,Sophia_Rolfson@gmail.com,KdYCfvhnS7o9tyY
131,Client,Duncan.Lubowitz,Jamaal87@yahoo.com,x7F8YYIdpXaBCHZ
132,Client,Cortney51,Cleora85@hotmail.com,1LWhIO2TMCJVfee
133,Admin,Aleen.Bartoletti33,Alexane_Schumm@yahoo.com,m9yrPpTsZzZ0zAL
134,Client,Layne_Wintheiser80,Arturo_Yundt@hotmail.com,00PrxV8XbiJvZcq
135,Admin,John53,Mercedes16@gmail.com,UN7Y5bZFBCEGplJ
136,Admin,Elissa22,Raina_Murray40@hotmail.com,Qj3bPW9yuv2K8aw
137,Client,Elyssa57,Marjory.Labadie@gmail.com,adtW9SnBOhkw4XB
138,Client,Elwin.Weber71,Carmella.Kihn@gmail.com,bkzqUl2BeWEUMAD
139,Admin,Talia34,Burley_Wilkinson75@gmail.com,rLo2bWFkaMB_tmp
140,Client,Johnnie.Kuphal,Kaia.Botsford@hotmail.com,ZMaPwfjEbHZ3HK9
141,Admin,Madeline.Tillman,Harmon_Abbott27@gmail.com,vuz1CVTOyINU0ND
142,Client,Maverick51,Uriah39@hotmail.com,2oxu5Etf7MhQfh3
143,Admin,Romaine_Thiel,Lance.Balistreri@hotmail.com,vVM9aIy8BWbnxwI
144,Admin,Winifred_Marks,Chadrick_Mitchell@gmail.com,QKZeaDwnSWjFbBx
145,Client,Rogers_Weber98,Nicole_Mosciski86@gmail.com,JJzAanBQvWHj06Y
146,Client,Kaya6,Deondre96@yahoo.com,mMve_CSm8jLc7ie
147,Client,Zane.Hane48,Rosetta.Nolan84@yahoo.com,ylvkVvAOCzBzBGv
148,Client,Garrison.Nicolas,Vernie.Huel-Nolan75@gmail.com,XDLjOVeEhZjZqI8
149,Client,Baylee_DuBuque94,Anabel_Ferry@yahoo.com,8xmAp7vm2tO4X4n
150,Client,Marlene.Jacobs,Javonte_Ritchie@hotmail.com,6ox9Jr__G5Y1shf
151,Client,Jaleel21,Dayne_Collier15@yahoo.com,htQsFRr3S5Gjfto
152,Client,Kip33,Flavie37@yahoo.com,MuWsB8xsfV4CZHr
153,Client,Astrid_Fritsch,Matt20@gmail.com,AN04SMsLtNteb3P
154,Admin,Darlene.Beatty39,Addie.Effertz26@yahoo.com,KIJOfZETW5sp77e
155,Admin,Daphne.Stiedemann74,Elsa73@yahoo.com,HChftt5hZJTGaE3
156,Admin,Lora_Tromp,Chesley8@yahoo.com,rIIlBZjo0XyOzqP
157,Client,Ulises.Champlin,Julianne79@gmail.com,dri0K46tmBh7zfH
158,Admin,Bridie.Senger-Waelchi,Ubaldo_Murazik@gmail.com,j34CS8yluiEZbK7
159,Client,Megane.Howell68,Gonzalo.Lubowitz26@yahoo.com,5KP25DKN16WekMT
160,Client,Kassandra30,Adele.Bahringer@gmail.com,Uvbd7C169U3Hcuh
161,Admin,Walton91,Sheldon_Quitzon46@gmail.com,dAfGOIlNumvYWa9
162,Admin,Fidel_Ortiz1,Blair_Abernathy74@hotmail.com,NWoOPjjQasn6ycl
163,Client,Natalie.Medhurst,Roxane_Mueller@yahoo.com,O_CZRL6bwFWDjN1
164,Client,Meda11,Russel76@yahoo.com,UeBdp3ZVKgSC8Ft
165,Client,Khalid_Douglas,Lisette_Russel@gmail.com,tMnOyG41MT4XXm4
166,Admin,Jalen56,Kaylee.Kshlerin66@hotmail.com,qPUp8h_Mvtsm0pv
167,Client,Claudine_Morissette,Alexandro_Rempel@yahoo.com,kcxEANIIwxf6pQR
168,Client,Carol_Weissnat,Myra42@hotmail.com,GRKcYBLuRq_NKJi
169,Admin,Bryon.Reynolds82,Fannie87@hotmail.com,U08scaMXAJOlg8A
170,Admin,Kimberly.Koelpin,Bobby74@yahoo.com,RZA3nIZQvPo3psV
171,Client,Korbin_Corwin83,Erin18@hotmail.com,fF5GyeLKOAYaoOZ
172,Admin,Julio.Johnson17,Garret_Turcotte@yahoo.com,GFCfqo5HXXyWcT_
173,Client,Dalton77,Dorothy_Greenholt@yahoo.com,5JSkRlCnJLfNuNd
174,Client,Camren_Huel,Guillermo82@hotmail.com,vv2Xad1HI0AnJu2
175,Client,Oma.Kuhn34,Ross_Hane@gmail.com,cWHPk7TKsiyS75_
176,Client,Evalyn.Buckridge85,Edmond.Hamill-Schimmel@yahoo.com,ld7k2AkuEBjqFW9
177,Admin,Eldred_Haag90,Alden.Christiansen35@gmail.com,1m8iAw1ynEh9N9B
178,Admin,Ludie_Miller16,Angie53@yahoo.com,iHS7p64PQNFg8LJ
179,Admin,Winston19,Lance_Muller-Bosco42@yahoo.com,neU8Ape2NQSjwZo
180,Admin,Sunny_Effertz,Neil_Jerde56@hotmail.com,cQXBORrJP8gAiO6
181,Admin,Gardner_Corkery3,Meredith89@yahoo.com,KpZejzek3lorHnv
182,Client,Fiona.Runte,Wiley.Marks@hotmail.com,j3ouablWR8l4uf1
183,Client,Caleigh71,Nyah56@yahoo.com,CtgRuhuPq8p0YBv
184,Admin,Gene.Krajcik5,Adela32@yahoo.com,l403mfC_NAB8S14
185,Client,Elisa_Beier11,Camila.Berge@yahoo.com,bFKHqlDTyl5VC53
186,Admin,Johnson65,Bert_Terry33@yahoo.com,g5sS4CKsjKBjuX6
187,Client,Lavon.Lubowitz,Jonathon85@yahoo.com,47ylforGIs3xfbT
188,Admin,Ava.King,Robb.Jerde29@hotmail.com,p2JEteLtSs6f6cR
189,Client,Rogelio_Koelpin,Tomasa_Wolff@gmail.com,pkvu0OMLyKW52WM
190,Client,Verna.Jenkins,Osvaldo.Kshlerin@yahoo.com,5UZFyooiMny5mQ7
191,Admin,Michael.Harris45,Mia88@hotmail.com,0QEu4OsBhTOXcBL
192,Admin,Camron83,Dallas10@hotmail.com,UGNSsrQYJ90NOWV
193,Client,Maynard22,Malinda33@gmail.com,cz_RD02MFaPSJdT
194,Client,Teagan.Hills73,Connie_Crooks40@gmail.com,GkMmkWixOFh8IQz
195,Admin,Sam_Cummings41,Laney.Lesch45@yahoo.com,GeVhzZec9l12PPx
196,Admin,Virginia.Johnson,Mandy_Mills@gmail.com,JwCKe8ssI7xEBCU
197,Admin,Lon.Shanahan,Willy54@yahoo.com,2RDUP8gwDGmIg_a
198,Client,Dillan29,Etha_Thiel79@gmail.com,8ILeLQAxyRG3tHh
199,Client,Lilian_Von93,Rocky.Abernathy27@hotmail.com,RReqR5XJgnXCY9o
200,Client,Van67,Annie57@gmail.com,JQa2FU8EBnaIVJH
201,Admin,Walker91,Alvis.Glover@gmail.com,9oYimd0s68MNyBH
202,Client,Euna.Gleichner95,Waylon58@yahoo.com,ONskmFStp92IsD2
203,Client,Elwin35,Tad.Block-Smith76@yahoo.com,ahAFCl2txUnInyC
204,Client,Lura.Rolfson75,Jennings93@yahoo.com,fjujNn6uAJGNh8Y
205,Client,Leif.Champlin,Stephanie.Ritchie97@gmail.com,m0s1ZeqgjAdrCG4
206,Admin,Annette_Mann,Mona_Jenkins@hotmail.com,IfRi0_IT3yNabTB
207,Admin,Laila_Ward,Tate93@yahoo.com,8Ob17B_PuZmZH70
208,Client,Stephany34,Brian_Lang@gmail.com,s9z3vf__HEexdMa
209,Admin,Maud.Nicolas,Skyla16@yahoo.com,_WkcuX1VKoYuvMZ
210,Client,Eleazar96,Sandrine_Sipes64@yahoo.com,lc0Sv_rchVHinH6
211,Admin,Lowell77,Zella.Blick@hotmail.com,kkCWU7bBF054tL1
212,Admin,Sage_Moen,Mina38@yahoo.com,XpXAizqZjDpHEHW
213,Client,Werner.Deckow26,Jerad24@yahoo.com,zHwYJPiKSUw1jbn
214,Admin,Brionna.Ruecker90,Pearl91@hotmail.com,UpJtVRPpY_jq2Hs
215,Admin,Lea_Kris43,Gabriella44@hotmail.com,90U12E28ezQ0CWz
216,Admin,Major.Johns53,Nedra75@yahoo.com,Sw040s7GfLq6Jcp
217,Admin,Fabian_Denesik10,Isaac11@hotmail.com,e2P3gt7tVPFEhim
218,Admin,Shyanne95,Jameson.Ondricka39@hotmail.com,E1ZyKtqnSxe30fS
219,Admin,Jannie37,Aniya_Koss91@hotmail.com,kSlnLu1RHrWDRxf
220,Admin,Mylene45,Maritza36@hotmail.com,EGKzrXQIV7rlo1w
221,Client,Ally_Collins85,Marjory.Glover12@hotmail.com,JQX8oxbW5gPdy1B
222,Admin,Kaleb_OConnell67,Nathaniel.Hane@hotmail.com,bBxkxMVrzKDmPnZ
223,Admin,Mikayla.Lehner84,Lavina.Schmitt@yahoo.com,V4amJ4EOFFXm0nq
224,Admin,Ben.OConnell62,Harmony27@hotmail.com,4eBuMwnzsLTIT09
225,Admin,Cornell32,Francisca_Friesen@yahoo.com,Hx0cIIWkYlKIlz2
226,Client,Cecilia.Kunze,Easter_Konopelski57@gmail.com,VEagMJwPBoT7NnS
227,Client,Tillman_Littel,Malcolm.Weimann@hotmail.com,TbN5XV188L1EjvC
228,Admin,Brad.Hyatt,Betty69@gmail.com,1fm9AGhMNUfcDHZ
229,Admin,Rollin_Ankunding65,Jamie_Hauck@yahoo.com,WRMDtWSbFUkGtfs
230,Admin,Issac29,Giovanni_Dickens-Brekke71@gmail.com,gngs9zxWwZq6g2w
231,Admin,Darlene.Rice,Ashtyn75@yahoo.com,TnF19FnTaOuzS3R
232,Client,Julie_Rodriguez,Jovany.Mann@gmail.com,xoZFRbHQixqBZ7_
233,Admin,Ollie.Sauer,Angel_Miller@yahoo.com,XTu3qtfVNNAGIQr
234,Admin,Noemie.Wisozk90,Allene11@yahoo.com,samBo6aqtpI2Ajw
235,Admin,Lyda46,Francesca_Torphy@gmail.com,GgP_KD_7ciWKY9r
236,Client,Leonard_Osinski,Johathan84@gmail.com,tXh4Z9ya_gaDOWA
237,Client,Delbert75,Rafaela.Jacobson82@gmail.com,vfa4DydNoNKRPwQ
238,Admin,Bertram.Howe,Aliyah9@gmail.com,NJq26vv9ktAwIJd
239,Admin,Hyman_Kreiger,Helena.Kemmer21@gmail.com,l4aY8wGrG6B5FMJ
240,Admin,Enos.Gleason,Virginia37@gmail.com,_Sh3aLSYFd0PeJa
241,Client,Doug68,Edmund.DAmore27@gmail.com,fQ779c7CFS4IMxJ
242,Client,Reina_Lemke,Frances98@yahoo.com,xVvDSK2MDdTFqCl
243,Client,Bertrand_Marks18,Ilene_Ortiz30@yahoo.com,Kxmr8cQqvBZlUkU
244,Client,Nichole12,Lewis.Nolan@yahoo.com,IAn6ak5IAifRL93
245,Client,Wilbert.Reichert,Monserrat_Ondricka87@yahoo.com,0OvTZsPOFhEopEn
246,Client,Chaim_Hegmann,Eduardo78@hotmail.com,evvMljwOR0qx8zg
247,Admin,Coty.Kuhn60,Marshall_Konopelski@yahoo.com,3inIU4WLXEaRKzZ
248,Client,Johathan_Reynolds,Emerson39@gmail.com,lccpH9_uvvQHvKZ
249,Admin,Dean_Balistreri,Kayley_Skiles@gmail.com,lYWkDcePA_8p5wu
250,Admin,Gayle46,Adrianna.Hamill@yahoo.com,m9G_49xKCk5yMZz
251,Admin,Sarah_Ortiz,Tyree56@hotmail.com,FkQ_tuXBFqL6okI
252,Client,Maurice.Bayer,Dameon55@hotmail.com,RnhS8Uz7qcrfaQu
253,Client,Cristal.Mosciski96,Colleen3@hotmail.com,qSuOR2rPVpovE_K
254,Client,Danielle15,Neha25@gmail.com,o078nln1Rd8JVzo
255,Admin,Hiram.Kuhic74,Lauren_Abshire@gmail.com,F9G7akWMqCNHCrF
256,Admin,Monserrate10,Graham.Wolf-Lind24@yahoo.com,SgzFRmDb4hDj8vF
257,Client,Maurice.MacGyver40,Josue_Klocko@gmail.com,DRI1_6SjqWWAEFl
258,Client,Fanny.Stamm,Brook39@hotmail.com,zYyE1xy4qm5paJ3
259,Client,Vincenza7,Neoma_Schaden50@yahoo.com,9b5MP_byFXBrvcM
260,Admin,Cyrus.Steuber3,Ralph_Beier19@hotmail.com,sgoC6Ki2B5S47Ou
261,Admin,Austin_Fadel,Stephon_Strosin@hotmail.com,FD7Sq0lnz6JAG1Y
262,Admin,Savion_Auer,Eryn.Keebler68@yahoo.com,ZBEm75qnU5TI5Ul
263,Client,Sofia58,Jamil_Reinger@hotmail.com,nvLS4MOlClByRgC
264,Admin,Paige_Mosciski,Dorris_Brekke-Breitenberg@yahoo.com,AiIkGedXyTRZ4Ul
265,Client,Perry_Zieme19,Sienna.Schowalter13@gmail.com,c08x3kCan4mrxJG
266,Admin,Otto.Botsford81,Akeem.Corwin75@gmail.com,5YeJ4drmmqxHCmb
267,Client,Carlotta.Harber47,Delphine_Jacobs26@hotmail.com,lZB_m37bu9gCNhs
268,Admin,Eino_Jaskolski,Lia_Koepp-Effertz@hotmail.com,eY0EyQDOtkjH2Zd
269,Client,Rolando_Shanahan64,Christian41@hotmail.com,4wZWT5GshmggfQC
270,Admin,Chelsey32,Conrad_Weimann@gmail.com,qg8ODtAVtL3dmBB
271,Admin,Salvatore_Tremblay78,Noemi83@hotmail.com,PSx7KLQ72_Ms8GR
272,Client,Rhea_Hilll,Mose_Gerlach14@hotmail.com,ZUiH3bNfiuhiuKd
273,Admin,Colleen_Little,Nasir68@hotmail.com,kgxsYuI8z1TVK1n
274,Admin,Marcelino.Friesen,Nannie88@gmail.com,GwXbRepA110JkJL
275,Client,Ara_Witting,Ruthie38@hotmail.com,C8Y25uZCTC8AjMh
276,Client,Furman13,Lysanne_Bauch@hotmail.com,4UKsLD3zBA6JPwP
277,Client,Maegan35,Odie_Towne@hotmail.com,AwFKKKv80eRd78T
278,Admin,Adrian_Hoeger78,Meta.Johnston@hotmail.com,trXUrbq6rqRpff_
279,Client,Alanna.Schuster-Stroman55,Henry_Predovic82@gmail.com,MwuKSpZCKqLDoE7
280,Client,Anabel_Casper11,Brielle_Pacocha45@hotmail.com,O8sjNf3SBS6izsZ
281,Admin,Dewayne1,Dillon_Mertz92@yahoo.com,sgdgo8Ufs9HBk2A
282,Client,Misty.Kozey53,Flavio34@yahoo.com,VVH4xXkuubwYReE
283,Client,Millie_Swift,Cristina_Gutmann@yahoo.com,XucSq8fUOt_7MaL
284,Client,Chase.Turcotte19,Corrine_Reynolds@hotmail.com,9wVfggKs3Te9bye
285,Client,Travon88,Rita.Erdman50@yahoo.com,IbVO_qqniphSmzw
286,Admin,Modesto85,Bella37@yahoo.com,Ek8evCU9BPreEGj
287,Client,Kameron44,Meggie89@hotmail.com,bqvGr339Ic8a8UV
288,Client,Kristoffer40,Gudrun46@gmail.com,kXWyD5US5vdiLMI
289,Client,Kade_Rogahn34,Rudolph_Abshire@gmail.com,Ezs2Gy8LGcNICgo
290,Admin,Cornelius94,Devante98@hotmail.com,IGpLcZLkVkdhhEn
291,Admin,Isobel_Boyer50,Octavia.Littel@yahoo.com,bPMybeTsLqFNTK9
292,Client,Jaeden93,Noelia_Howe@yahoo.com,bU4QsQg_lIrBWM_
293,Client,Deontae16,Lola_Conroy@yahoo.com,8PKzRKyMKOT6Gy3
294,Client,Gabrielle56,Wilber98@gmail.com,QaCp1cZvpUuet7P
295,Admin,Madisen.Conn43,Elroy20@hotmail.com,pVKdYX8QLBV6uu3
296,Client,Guillermo_Mills,Cara14@gmail.com,5UhjY5uew00jari
297,Admin,Reed.McLaughlin,Boyd50@hotmail.com,mcrqksWnDhfL1_n
298,Client,Ashlynn65,Clifton_Hermiston4@yahoo.com,N_3L_a3LHGbqr0r
299,Admin,Sandra.Orn,Luciano89@hotmail.com,onwvOtQ_eLEuguV
300,Admin,Ezequiel81,Tierra_Lang@gmail.com,9VpNPwNEoyi3HKU
301,Admin,Makayla66,Winfield25@yahoo.com,FVPUZ0t_tGiR2rv
302,Admin,Madelyn89,Cole_Larkin13@hotmail.com,MCu1WkcqjNpAYD6
303,Admin,Mariam_Hartmann17,Geo85@yahoo.com,urhWhwjIx_ypK78
304,Client,Karianne96,Russel_Greenholt29@hotmail.com,sk0nPykbMp501UH
305,Client,Graham_McLaughlin30,Leo23@hotmail.com,CiO9X3qYXurO1E1
306,Admin,Dejuan.Jast98,Wallace46@hotmail.com,9tCUN7WWvYOVRv8
307,Admin,Archibald_Gerhold10,Oral_Ziemann@gmail.com,AXOoUooainxPtVs
308,Admin,Jakob_Braun98,Christina.Bernier@yahoo.com,QeN8kA8mm0lyAcP
309,Client,Lou_Baumbach,Catharine_Rice@gmail.com,bo3rM3a44WDyvy9
310,Admin,Cassidy.Abbott8,Dereck.Willms-Berge@yahoo.com,RAA4WAmMtLHyrzv
311,Client,Braxton94,Libbie88@gmail.com,_UnkfDODTEySZy2
312,Client,Larry70,Alycia_Rosenbaum@hotmail.com,TjnK8H44z98AniN
313,Admin,Jesse_Cummings,Jamison96@hotmail.com,Bz4luF00nvjnJPv
314,Admin,Jeffery.Collier-Kilback,Haskell.Crooks@yahoo.com,anLJKQ6yG06RLFc
315,Admin,Jamir.Bosco42,Hailee_Jacobi@hotmail.com,cQkIDhgXLnzsGyv
316,Client,Noel_Hoeger22,Keyshawn_Veum91@gmail.com,bECK29RM3p0oNIf
317,Client,Jorge_Schuppe,Kenyon.Shields65@yahoo.com,ngSLstyQf2BiBYa
318,Client,Corine.Connelly,Harmony.Haag@hotmail.com,3M8GjApkyymdeft
319,Admin,Betsy_Pfannerstill49,Adell.Wolf@hotmail.com,5NqtPxKoARYse8k
320,Client,Mekhi82,Sienna.OKeefe@gmail.com,axncUfxLGiHTyMG
321,Admin,Elda87,Kasandra_Bahringer76@yahoo.com,secnrDtyfeOLeIG
322,Client,Rahul.Quigley,Dawson.Windler9@gmail.com,JJbEe8nB2lbwWf8
323,Admin,Emil.Powlowski,Lorena.Stark@yahoo.com,iqHtvJAE7dwaYUz
324,Admin,Gerardo95,Genoveva90@gmail.com,fs6yTc47cDYA_jE
325,Admin,Hailey.Walker,Kenyon.Sauer6@gmail.com,5xQbWD1AZEsitz6
326,Client,Herminio70,Alysson.Huels57@gmail.com,A5YqvrRuUtk6ZPq
327,Admin,Jeramy.Mante,Reynold81@yahoo.com,OIq67p2yqHcrv3w
328,Client,Soledad27,Hillary_Hand@hotmail.com,L_V6MS6CcT6Exy4
329,Client,Antonette59,Sunny17@gmail.com,e_RKCaC0A6Qvt1s
330,Admin,Garth37,Heather.Luettgen@hotmail.com,FYVEA9CTTf_epqD
331,Client,Marshall57,Eva.Miller76@yahoo.com,mXE82CGr7miIAlQ
332,Admin,Russell.Rogahn81,Robbie32@hotmail.com,oH7HCxdebuio5ik
333,Admin,Noe_OHara75,Emilio.Kutch@yahoo.com,wHNFYSsv68TD56s
334,Client,Sim_Lowe,Donna_Larkin@gmail.com,GnD_J9Jdc7JGYQ6
335,Admin,Letha.Grimes,Shyanne.Bruen@yahoo.com,Pw9RrBsgTTjFbLj
336,Client,Clarissa_Swift,Jovan14@gmail.com,30Nht2AREmtFqJJ
337,Client,Norris35,Merle_Botsford@gmail.com,5ZdBuJ9Os4tqlQw
338,Client,Consuelo_Leuschke,Brendon11@yahoo.com,nhbnzDsZassHsCr
339,Client,Constantin91,Joanny.Kozey@yahoo.com,XeejhiUeW4LV6yc
340,Admin,Ellie_King78,Kadin11@gmail.com,5QmUPYbmKv5zMOS
341,Admin,Kenna74,Ima.Bartell12@hotmail.com,3gjGrPbWHXTiEiA
342,Client,Vernon21,Ferne76@hotmail.com,BNn2G4_4YzoYPX3
343,Admin,Kendall1,Laurel.Olson@hotmail.com,T9A1JEWhEdH8puX
344,Client,Adolf.Dach96,Camryn.Ernser33@yahoo.com,Jy2Bvz4ms_MGG9J
345,Client,Alexandria.Luettgen9,Ricky49@hotmail.com,J7MtJ1N8pgyvVHq
346,Admin,Ryan.Block,Candelario74@yahoo.com,esARJtq8k58WOwR
347,Admin,Assunta.Ullrich,Marietta_Connelly47@gmail.com,sPKBnx4jeS9l23j
348,Client,Tracy.Hoeger63,Nigel_Medhurst-Hane@yahoo.com,_bTnJ7rfWHhTLMO
349,Client,Justice74,Vena.Dickens@gmail.com,b1UdpueA8V5qX9Q
350,Client,Jesus_Cummings,Malachi_Moore@yahoo.com,cNcOF95WLZQIFqF
351,Admin,Charlene.Schowalter32,Cassidy.Ritchie-Heaney64@yahoo.com,RR7Nc_SjpAHQgr1
352,Admin,Oscar_Beer59,Ernie.Dicki44@hotmail.com,baFStSE_vi1CRtB
353,Client,Deangelo95,Aurore.Kreiger52@hotmail.com,eJiMh_FulyDbdyj
354,Client,Vernice.Block,Cordell87@hotmail.com,HMFNVRIp9PF6C_d
355,Admin,May32,Jo_Tromp-Greenholt56@gmail.com,oKYmMxgIwiDM28B
356,Admin,Marty6,Rory.Schaden@gmail.com,qF7djtqinFZHCRE
357,Admin,Sven.Kassulke,Simone_Kuphal0@hotmail.com,fnK_b7LymhfxYzV
358,Client,Mittie.Pagac2,Jacquelyn.Upton44@gmail.com,is6gyw1QsO2xx5H
359,Admin,Royce_Balistreri7,Dillon_Nolan36@yahoo.com,sUAcRzTuKsenpgR
360,Client,Lucinda_Maggio58,Ursula30@yahoo.com,yGhenp6PIOSLyNE
361,Admin,Edna20,Nicole_Hane@yahoo.com,Lth74pYsFrZY1Ix
362,Admin,Krystel.Cassin99,Kenya_Hintz@hotmail.com,7N9B74vGxwlAyfs
363,Admin,Elinor.Crooks44,Orville.Pacocha@yahoo.com,DQDuE5edGigcfRZ
364,Client,Rashawn_Swift1,Katherine.Trantow@hotmail.com,5JmaIqDAecxufRI
365,Admin,Velma.Jaskolski59,Carley_Tremblay@hotmail.com,DTDMyfy7jAGSmk7
366,Admin,Otilia66,Danika.Durgan85@hotmail.com,pLLbNZXdZWpJhYU
367,Admin,Gregorio.Gutkowski,Hermann.Conroy60@gmail.com,fmdtvvoXr7Inbae
368,Admin,Prudence12,Ines53@yahoo.com,CbINUS3KtXfcBdS
369,Client,Ismael_Keeling80,Magali18@gmail.com,kuT6_uh8WQNFGUh
370,Admin,Taylor27,Loraine_Gleason@hotmail.com,8BTLI8YKqSOXXDU
371,Admin,Willis.Christiansen,Ebba_Fritsch@yahoo.com,IG36iS9a5KB4X9C
372,Admin,Guadalupe14,Jadon.Wunsch@gmail.com,vWVQlQzKejh0lnY
373,Client,Randall.Sawayn65,Shanny97@gmail.com,oU78lRs8zliRnUw
374,Client,Magnus_Braun,Javon.Luettgen90@gmail.com,JM3AVuk8o6smg9a
375,Admin,Carole.Raynor,Clotilde_Johnson@gmail.com,eofXNgcox1PIP9C
376,Client,Olaf12,Hassie.Murazik@hotmail.com,BlxkGRdEDp8pX0F
377,Client,Genoveva70,Shaina31@hotmail.com,tg6ec8dfCiMbyNq
378,Client,Dax34,Antoinette92@gmail.com,YfM4sob5nF0yh92
379,Admin,Keshawn.Funk,Reba_Hilll@yahoo.com,oDU3kXlbbS1xpqw
380,Client,Madelyn37,Elvie.Parisian@gmail.com,g9zWq3eoHm2ERZJ
381,Client,Jamal9,Troy_Stanton59@hotmail.com,04tlgLEPD_swL3J
382,Admin,Ahmed_Koss92,Maya_Willms@gmail.com,1cfQ0zfiDKW10Gz
383,Admin,Werner_Goldner,Onie.Cremin@gmail.com,fTFXGPz832qeS7i
384,Admin,Yessenia85,Carolina.Toy63@yahoo.com,o9mBP95uytv2qn7
385,Client,Kale.Miller,Collin.Kirlin91@hotmail.com,qnR80g0VWlFielj
386,Admin,Tom_Wiegand,Chyna38@yahoo.com,BUDxBSGrl8TJY2n
387,Admin,Peyton51,Kelley27@gmail.com,cwyfxbrg8HT0HJ4
388,Admin,Whitney.Greenholt,Braxton_Kreiger@hotmail.com,AR0TeNfBR5GuvWA
389,Admin,Jaime_Paucek67,Kayleigh.Rutherford@yahoo.com,duS0pPIUx6CZLKa
390,Admin,Jena.Gleichner56,Jody_Rath96@gmail.com,hfYeG7kwO9jD2Pl
391,Client,Darion.Cruickshank43,Johnson.Runolfsdottir22@yahoo.com,p23MChMtnOE8hkg
392,Admin,Josianne_Schimmel,Alden_Turcotte@yahoo.com,4bzbUgdQGr4y7eq
393,Admin,Jessyca_Fay,Jadon_Daniel@hotmail.com,YOx47sxT1kiB4SJ
394,Admin,Triston.Huels,Willis_Kirlin@yahoo.com,xZWYMW3aNfwxPin
395,Admin,Enid.Mayert3,Zena_Hackett@yahoo.com,qMPsg86vunO9Z3l
396,Admin,Emile.Haley,Cicero65@gmail.com,hMfCMyvu3TxJZ6v
397,Client,Kaylin82,Tiara.OKon78@hotmail.com,15TMDSaWUqaR92n
398,Admin,Elyssa42,Kelley99@gmail.com,z9pbMUotek2Liaw
399,Client,Helmer75,Braden73@yahoo.com,HRs_GHshBfwxnu3
400,Admin,Alejandrin63,Dee58@gmail.com,K0EUAKx79Ut5CxN
401,Client,Gretchen84,Evangeline58@yahoo.com,fKBRUcgDKNZBxXH
402,Admin,Celia29,Deron_Renner85@gmail.com,I22hZ_y0hrrUOph
403,Client,Amos.Ziemann29,Petra10@gmail.com,6ISrLZ7ZBx3TI_V
404,Client,Quinton68,Jaquelin.Reilly@gmail.com,tA9YXHpcQtLqx53
405,Client,Casper95,Nola_Walter65@yahoo.com,Dja2ivmxUzEHzC2
406,Client,Linwood91,Ramiro.Osinski10@gmail.com,0nN0r8Fq8rINr9U
407,Client,Leif.Kautzer,Milan.Mraz87@hotmail.com,LpX7cfgTJEMVLl1
408,Client,Daniella_Jacobi,Bernardo_Hane@gmail.com,b8JHr3EN5u_0WFn
409,Admin,Ted80,Bennie_Crist57@hotmail.com,RAsKCT8ruDNlQpO
410,Client,Domenic59,Dejuan.Schumm@hotmail.com,7dnE8nsZfRhW_DM
411,Client,Rosalyn_Kuhic98,Anibal_Schumm67@hotmail.com,4sSFsMDV19AqOYv
412,Admin,Jared.Hills,Armand27@hotmail.com,fFVal7wvfisxuP8
413,Client,Ruthie_Dare94,Zita6@gmail.com,ECsxlY7v4bxl6bz
414,Admin,Trever.Fritsch74,Irving.Windler17@yahoo.com,UEAOCSyx4pe9a4g
415,Client,Veda_Krajcik,Oceane.Cremin32@yahoo.com,cKkP_Hw59oRiFkV
416,Client,Joel43,Bryana_Shields@hotmail.com,tYZ7YE_xS_0DNB4
417,Admin,Shane31,Martin16@gmail.com,fIpFI55O4cWUXSw
418,Client,Demetrius7,Zelda.Von62@yahoo.com,va6yhvjcOffzI0W
419,Client,Iva47,Wallace.Corwin16@hotmail.com,d5dED8Nnc2JVoih
420,Admin,Beatrice74,Abdullah94@hotmail.com,rnxsF0UdPZPPCFp
421,Client,Francesco26,Destany_Kirlin@gmail.com,CON2wGi_1mDueNC
422,Admin,Monty_Parker40,Adrien_Spencer40@hotmail.com,kNMb38Qf9o5VLXs
423,Client,Amos_DuBuque,Tiana27@yahoo.com,6deSd3SG7Tykk25
424,Client,Claire.Carter-Frami70,Dakota_Buckridge@gmail.com,fObTkN6HVP2OtQk
425,Admin,Dayna99,Anika.Feest@yahoo.com,EDBIEh49Clq4uPw
426,Client,Gloria.Lebsack,Haskell.Pacocha43@hotmail.com,GfDiAtM5xiJiIYs
427,Admin,Christelle91,Liza_Kerluke57@yahoo.com,9CzoEvfVwPEQmKj
428,Client,Albertha.Hoeger24,Hector_Koss88@yahoo.com,p2Pw3anpL15CZep
429,Client,Dolores22,Alyson_Anderson99@yahoo.com,QdfX9svxROzEeDM
430,Client,Kobe.Schamberger,Christophe.Ledner@yahoo.com,hIGF2KzC1weGDu_
431,Client,Wilford.Hagenes,Emory.Kemmer@yahoo.com,QxHZ96e2F94YVLf
432,Client,Gregorio_Koepp,Ruby.Schultz68@yahoo.com,zNmY_zNTB9U2ydT
433,Client,Llewellyn26,Sonia_Toy@gmail.com,FKfCjCD64Ek1m_8
434,Client,Hailee.Boehm76,Waino_Keeling@yahoo.com,xLlzbruzlvw2QXf
435,Client,Rachel_Stanton,Russel.Torp-Bailey52@yahoo.com,it_dxO51GnipTQE
436,Client,Abner76,Ervin.Windler-Pagac96@gmail.com,VY70jIqXHnICby4
437,Admin,Karen52,Sally.Nitzsche@hotmail.com,7VzHI8v0fzeb86J
438,Client,Deborah_Rutherford,Verdie_Purdy80@gmail.com,y26Joz1A1s_Lvt9
439,Admin,Claude60,Ericka53@hotmail.com,j9sCf9fJ5hhcBgW
440,Client,Lilian59,Annamae_Moore@hotmail.com,AijNVj4wNiOvt2j
441,Admin,Kelley.Koelpin31,Mabelle_Ankunding54@gmail.com,nJLzQDp1aRlfVFh
442,Client,Hettie.Collins,Sophie.Erdman45@hotmail.com,Yl219Jr2kRHVJdp
443,Client,Lesley.Lockman,Amanda_Medhurst@gmail.com,DrfFIhZODFbiA9W
444,Admin,Braxton.Gerlach71,Osvaldo3@yahoo.com,20dBo2woxdObrFY
445,Admin,Abigale.Ferry-Hagenes51,Alisa_Von@yahoo.com,AsyOema2syQZYOc
446,Admin,Pinkie69,Kayley59@yahoo.com,lnrwaeXL2wugDrE
447,Client,Lourdes.Goyette,Clemens70@yahoo.com,PNaWBAixvfs8Q_H
448,Client,Emmanuelle59,Anastasia_Ernser@hotmail.com,K539s2SZwFvHGND
449,Admin,Major_MacGyver84,Casimir8@hotmail.com,Sp2UFGhKPG00gVL
450,Client,Kole.Raynor-Volkman71,Mae59@yahoo.com,Mh2lKC2XnYGLFYq
451,Client,Kattie39,Ebba_Bins-Batz35@gmail.com,rOgFHcOxLl88yvq
452,Client,Assunta_Romaguera88,Josephine_Terry75@yahoo.com,ZpWOvEPnSGiEL4t
453,Admin,Chadrick82,Oral.Jacobson14@gmail.com,3ijAr2rwK9_u1yr
454,Client,Kristian_Pagac,Bernardo72@yahoo.com,asKDdVjOyv4ll6i
455,Client,Ed.Bergnaum,Anika_Morar77@hotmail.com,DLcqkP2kGsuqDXd
456,Admin,Kassandra.Lowe,Victoria_Shanahan@gmail.com,_xYKJttBfKEUCin
457,Admin,Annabelle.Grady85,Kayley21@yahoo.com,nqDKrOABxKqZXcG
458,Admin,Verna69,Wilfred_Johnson@yahoo.com,gQRjsuA114Aebh8
459,Admin,Berniece_Langworth24,Lila47@gmail.com,QUqh88kIrWKDqkB
460,Client,Kali_Romaguera,Adriana_Kilback7@hotmail.com,CBkvIvABuNPcDvt
461,Client,Zelda59,Vella.Mann9@gmail.com,tTFAG8lY9ynSmD2
462,Admin,Chad.Bergnaum,Oscar.Stokes@gmail.com,2AUQu1cEFGK7KTO
463,Client,Lelia_Schulist,Arlie_Bergstrom36@yahoo.com,MLgQXEFg32OPM0m
464,Client,Myron86,Carlie.Berge@hotmail.com,Ol6GPz0Kl6H7zsq
465,Admin,Dalton51,Porter_Bednar@gmail.com,RwD2IAL7CBB7TeY
466,Client,Alf_Tromp,Stella78@yahoo.com,ObBSVChctItNojp
467,Client,Henri.Tromp,Pearl3@yahoo.com,xx8mkPMybUz6fbg
468,Client,Ivory_Crist37,Kari_Funk@hotmail.com,TVOTaqCOZZALalm
469,Admin,Rene.Runolfsdottir49,Chet_Parker44@gmail.com,hlgewtqrGoLPim2
470,Client,Leon48,Dorthy_Stamm@gmail.com,5n7v2a2ANvOTEIV
471,Client,Tanya_Steuber20,Lazaro.Kuhlman73@hotmail.com,yZCxTz48L4PWroD
472,Client,Magdalena_Farrell,Kylee_Haley@yahoo.com,BlWGN0bIF6rodAy
473,Client,Katlynn.Harvey26,Dashawn_Graham56@hotmail.com,esc2Vj9PDXYEABC
474,Client,Lourdes21,Jamel_Bernier78@gmail.com,Rk2xcZdsarZtZEK
475,Client,Tania72,Sunny.Kulas41@yahoo.com,qzVKW8irKAH1ite
476,Client,Katrine_Ziemann31,Gracie_Kunze@hotmail.com,cQwXqwkvv91cN68
477,Client,Cullen_Bailey,Jedidiah_Bayer84@gmail.com,ze_vHfFET5h0EjJ
478,Admin,Everardo86,Domenick.Hoeger@yahoo.com,6whqG9Y12d4r5ez
479,Client,Era_Schiller,Dominic21@hotmail.com,i41qGaaNskZHkUw
480,Client,Lorenzo.Kassulke64,Elza.Nikolaus@yahoo.com,j9BwL3dsURvOQdU
481,Client,Jamir62,Georgianna10@hotmail.com,8d_IUSNf5ax3_TM
482,Admin,Oral82,Rosalyn75@gmail.com,vW2H4BNIoRCA13w
483,Admin,Aliza_Fay37,Cathy.Will@gmail.com,rduqKlyMS1J9zjc
484,Client,Elijah_Zemlak,Alexa79@hotmail.com,IzIaXyEUl2yIKQP
485,Client,Payton.Bins,Meredith77@gmail.com,SdJundWPM77t1qP
486,Client,Christian.Rath,Lawrence8@yahoo.com,p1xbGF5hIC3UkJe
487,Client,Jon84,Aliya_Nikolaus80@hotmail.com,Ta5aF6B1e8R1iA2
488,Admin,Holden.Kemmer,Frederik.Feest78@gmail.com,E3mR7Ss4Ttx2YNr
489,Admin,Jaylen0,Mya19@yahoo.com,Jd4LKmjbgEH7HIO
490,Client,Freddy16,Jadon37@hotmail.com,4z88Ikp1QYDCfwQ
491,Admin,Lorena_Moore-Bauch44,Kenton77@hotmail.com,xow8StbdpAUvm4c
492,Admin,Vince54,Kaylah15@yahoo.com,nNDtMkYbejFN3x1
493,Admin,Leonel.Schroeder,Audrey77@yahoo.com,alDoYVSutHPzqAI
494,Client,Beaulah_Weimann,Melvina_Ankunding@yahoo.com,gt2_fhxwUbiKciu
495,Admin,Declan_Kreiger,Lenora_Lynch7@gmail.com,uOKJBGlI_TYeL6S
496,Admin,Nadia.Lynch51,Jammie.Rolfson79@gmail.com,AC66Hm12deIObBw
497,Client,Brannon.Ruecker8,Kenyatta.Kreiger@hotmail.com,ZZDnkrCrxWfiJ4u
498,Admin,Hollis7,Keeley_Stoltenberg20@yahoo.com,qbGWibfm2E718k4
499,Client,Brandyn_MacGyver18,Macey_Runte99@yahoo.com,y76wh5Xww7Fmf7C
500,Client,Seamus27,Concepcion71@hotmail.com,5YOnAFs9g66iSqa
